[{"pk": 22, "model": "contenttypes.contenttype", "fields": {"model": "address", "name": "Address", "app_label": "address"}}, {"pk": 28, "model": "contenttypes.contenttype", "fields": {"model": "cart", "name": "Cart", "app_label": "shop"}}, {"pk": 29, "model": "contenttypes.contenttype", "fields": {"model": "cartitem", "name": "Cart item", "app_label": "shop"}}, {"pk": 35, "model": "contenttypes.contenttype", "fields": {"model": "extraorderitempricefield", "name": "Extra order item price field", "app_label": "shop"}}, {"pk": 34, "model": "contenttypes.contenttype", "fields": {"model": "extraorderpricefield", "name": "Extra order price field", "app_label": "shop"}}, {"pk": 31, "model": "contenttypes.contenttype", "fields": {"model": "order", "name": "Order", "app_label": "shop"}}, {"pk": 33, "model": "contenttypes.contenttype", "fields": {"model": "orderextrainfo", "name": "Order extra info", "app_label": "shop"}}, {"pk": 32, "model": "contenttypes.contenttype", "fields": {"model": "orderitem", "name": "Order item", "app_label": "shop"}}, {"pk": 36, "model": "contenttypes.contenttype", "fields": {"model": "orderpayment", "name": "Order payment", "app_label": "shop"}}, {"pk": 30, "model": "contenttypes.contenttype", "fields": {"model": "product", "name": "Product", "app_label": "shop"}}, {"pk": 12, "model": "contenttypes.contenttype", "fields": {"model": "tree", "name": "Site Tree", "app_label": "sitetree"}}, {"pk": 13, "model": "contenttypes.contenttype", "fields": {"model": "treeitem", "name": "Site Tree Item", "app_label": "sitetree"}}, {"pk": 21, "model": "contenttypes.contenttype", "fields": {"model": "accessoryimage", "name": "accessory image", "app_label": "myshop"}}, {"pk": 41, "model": "contenttypes.contenttype", "fields": {"model": "cartitemoption", "name": "cart item option", "app_label": "shop_simplevariations"}}, {"pk": 38, "model": "contenttypes.contenttype", "fields": {"model": "cartitemtextoption", "name": "cart item text option", "app_label": "shop_simplevariations"}}, {"pk": 17, "model": "contenttypes.contenttype", "fields": {"model": "cartridgeimage", "name": "cartridge image", "app_label": "myshop"}}, {"pk": 19, "model": "contenttypes.contenttype", "fields": {"model": "cigaretteimage", "name": "cigarette image", "app_label": "myshop"}}, {"pk": 5, "model": "contenttypes.contenttype", "fields": {"model": "contenttype", "name": "content type", "app_label": "contenttypes"}}, {"pk": 42, "model": "contenttypes.contenttype", "fields": {"model": "feedback", "name": "feedback", "app_label": "feedback"}}, {"pk": 9, "model": "contenttypes.contenttype", "fields": {"model": "flatpage", "name": "flat page", "app_label": "flatpages"}}, {"pk": 2, "model": "contenttypes.contenttype", "fields": {"model": "group", "name": "group", "app_label": "auth"}}, {"pk": 27, "model": "contenttypes.contenttype", "fields": {"model": "ignoredobject", "name": "ignored object", "app_label": "djangoratings"}}, {"pk": 10, "model": "contenttypes.contenttype", "fields": {"model": "kvstore", "name": "kv store", "app_label": "thumbnail"}}, {"pk": 8, "model": "contenttypes.contenttype", "fields": {"model": "logentry", "name": "log entry", "app_label": "admin"}}, {"pk": 4, "model": "contenttypes.contenttype", "fields": {"model": "message", "name": "message", "app_label": "auth"}}, {"pk": 11, "model": "contenttypes.contenttype", "fields": {"model": "migrationhistory", "name": "migration history", "app_label": "south"}}, {"pk": 40, "model": "contenttypes.contenttype", "fields": {"model": "option", "name": "option", "app_label": "shop_simplevariations"}}, {"pk": 39, "model": "contenttypes.contenttype", "fields": {"model": "optiongroup", "name": "option group", "app_label": "shop_simplevariations"}}, {"pk": 1, "model": "contenttypes.contenttype", "fields": {"model": "permission", "name": "permission", "app_label": "auth"}}, {"pk": 44, "model": "contenttypes.contenttype", "fields": {"model": "rule", "name": "rule", "app_label": "robots"}}, {"pk": 25, "model": "contenttypes.contenttype", "fields": {"model": "score", "name": "score", "app_label": "djangoratings"}}, {"pk": 6, "model": "contenttypes.contenttype", "fields": {"model": "session", "name": "session", "app_label": "sessions"}}, {"pk": 26, "model": "contenttypes.contenttype", "fields": {"model": "similaruser", "name": "similar user", "app_label": "djangoratings"}}, {"pk": 7, "model": "contenttypes.contenttype", "fields": {"model": "site", "name": "site", "app_label": "sites"}}, {"pk": 37, "model": "contenttypes.contenttype", "fields": {"model": "textoption", "name": "text option", "app_label": "shop_simplevariations"}}, {"pk": 43, "model": "contenttypes.contenttype", "fields": {"model": "url", "name": "url", "app_label": "robots"}}, {"pk": 3, "model": "contenttypes.contenttype", "fields": {"model": "user", "name": "user", "app_label": "auth"}}, {"pk": 24, "model": "contenttypes.contenttype", "fields": {"model": "vote", "name": "vote", "app_label": "djangoratings"}}, {"pk": 20, "model": "contenttypes.contenttype", "fields": {"model": "accessory", "name": "\u0410\u043a\u0441\u0435\u0441\u0441\u0443\u0430\u0440", "app_label": "myshop"}}, {"pk": 15, "model": "contenttypes.contenttype", "fields": {"model": "flavour", "name": "\u0412\u043a\u0443\u0441", "app_label": "myshop"}}, {"pk": 16, "model": "contenttypes.contenttype", "fields": {"model": "cartridge", "name": "\u041a\u0430\u0440\u0442\u0440\u0438\u0434\u0436", "app_label": "myshop"}}, {"pk": 14, "model": "contenttypes.contenttype", "fields": {"model": "manufacturer", "name": "\u041f\u0440\u043e\u0438\u0437\u0432\u043e\u0434\u0438\u0442\u0435\u043b\u044c", "app_label": "myshop"}}, {"pk": 18, "model": "contenttypes.contenttype", "fields": {"model": "cigarette", "name": "\u0421\u0438\u0433\u0430\u0440\u0435\u0442\u0430", "app_label": "myshop"}}, {"pk": 23, "model": "contenttypes.contenttype", "fields": {"model": "article", "name": "\u0421\u0442\u0430\u0442\u044c\u044f", "app_label": "articles"}}, {"pk": "f0269a60d64ef04d7838f13aa67d46a0", "model": "sessions.session", "fields": {"expire_date": "2011-09-22 23:29:07", "session_data": "MzdlZTYzOWYzN2MwYjhjYjU1MmNiZmY2MjJkZWNjNWRmN2E0NmQyMTqAAn1xAVUHY2FydF9pZHEC\nSwJzLg==\n"}}, {"pk": "57f7b13f4133d8528cac9734bb64ef6a", "model": "sessions.session", "fields": {"expire_date": "2011-09-22 23:46:48", "session_data": "NWE0MGUwZTNkNGRlZGU5MDBlYTdmYTJkNzdlODA4MjUwZTJmNjg1MzqAAn1xAShVEl9hdXRoX3Vz\nZXJfYmFja2VuZHECVSlkamFuZ28uY29udHJpYi5hdXRoLmJhY2tlbmRzLk1vZGVsQmFja2VuZHED\nVQ1fYXV0aF91c2VyX2lkcQRLAXUu\n"}}, {"pk": 1, "model": "sites.site", "fields": {"domain": "e-cigar.ru", "name": "e-cigar.ru"}}, {"pk": 46, "model": "admin.logentry", "fields": {"action_flag": 2, "action_time": "2011-09-08 23:47:57", "object_repr": "e-cigar.ru", "object_id": "1", "change_message": "\u0418\u0437\u043c\u0435\u043d\u0435\u043d domain \u0438 name.", "user": 1, "content_type": 7}}, {"pk": 45, "model": "admin.logentry", "fields": {"action_flag": 2, "action_time": "2011-09-08 21:24:04", "object_repr": "PS Royal", "object_id": "2", "change_message": "\u0418\u0437\u043c\u0435\u043d\u0435\u043d discount.", "user": 2, "content_type": 18}}, {"pk": 44, "model": "admin.logentry", "fields": {"action_flag": 2, "action_time": "2011-09-08 20:58:37", "object_repr": "\u0427\u0435\u0445\u043e\u043b \u0434\u043b\u044f \u0441\u0438\u0433\u0430\u0440\u0435\u0442\u044b", "object_id": "3", "change_message": "\u0418\u0437\u043c\u0435\u043d\u0435\u043d name \u0438 slug.", "user": 2, "content_type": 20}}, {"pk": 43, "model": "admin.logentry", "fields": {"action_flag": 1, "action_time": "2011-09-08 20:58:01", "object_repr": "\u0427\u0435\u0445\u043e\u043b \u0434\u043b\u044f \u044d\u043b\u0435\u043a\u0442\u0440\u043e\u043d\u043d\u043e\u0439 \u0441\u0438\u0433\u0430\u0440\u0435\u0442\u044b", "object_id": "3", "change_message": "", "user": 2, "content_type": 20}}, {"pk": 42, "model": "admin.logentry", "fields": {"action_flag": 1, "action_time": "2011-09-08 20:33:10", "object_repr": "PS Royal", "object_id": "2", "change_message": "", "user": 2, "content_type": 18}}, {"pk": 41, "model": "admin.logentry", "fields": {"action_flag": 1, "action_time": "2011-09-08 20:26:49", "object_repr": "\u041a\u0430\u0440\u0442\u0440\u0438\u0434\u0436 \u0434\u043b\u044f PS Royal", "object_id": "1", "change_message": "", "user": 2, "content_type": 16}}, {"pk": 40, "model": "admin.logentry", "fields": {"action_flag": 1, "action_time": "2011-09-08 20:24:32", "object_repr": "\u0412\u0430\u043d\u0438\u043b\u044c", "object_id": "11", "change_message": "", "user": 2, "content_type": 15}}, {"pk": 39, "model": "admin.logentry", "fields": {"action_flag": 1, "action_time": "2011-09-08 20:24:06", "object_repr": "\u0411\u0430\u043d\u0430\u043d", "object_id": "10", "change_message": "", "user": 2, "content_type": 15}}, {"pk": 38, "model": "admin.logentry", "fields": {"action_flag": 1, "action_time": "2011-09-08 20:23:51", "object_repr": "\u0428\u043e\u043a\u043e\u043b\u0430\u0434", "object_id": "9", "change_message": "", "user": 2, "content_type": 15}}, {"pk": 37, "model": "admin.logentry", "fields": {"action_flag": 1, "action_time": "2011-09-08 20:23:01", "object_repr": "\u0422\u0430\u0431\u0430\u043a", "object_id": "8", "change_message": "", "user": 2, "content_type": 15}}, {"pk": 36, "model": "admin.logentry", "fields": {"action_flag": 1, "action_time": "2011-09-08 20:18:04", "object_repr": "\u041a\u043e\u0444\u0435", "object_id": "7", "change_message": "", "user": 2, "content_type": 15}}, {"pk": 35, "model": "admin.logentry", "fields": {"action_flag": 1, "action_time": "2011-09-08 20:17:42", "object_repr": "Virginia", "object_id": "6", "change_message": "", "user": 2, "content_type": 15}}, {"pk": 34, "model": "admin.logentry", "fields": {"action_flag": 1, "action_time": "2011-09-08 20:17:28", "object_repr": "Marlboro", "object_id": "5", "change_message": "", "user": 2, "content_type": 15}}, {"pk": 33, "model": "admin.logentry", "fields": {"action_flag": 1, "action_time": "2011-09-08 20:17:12", "object_repr": "Dunhill", "object_id": "4", "change_message": "", "user": 2, "content_type": 15}}, {"pk": 32, "model": "admin.logentry", "fields": {"action_flag": 1, "action_time": "2011-09-08 20:16:53", "object_repr": "\u0412\u0438\u0448\u043d\u044f", "object_id": "3", "change_message": "", "user": 2, "content_type": 15}}, {"pk": 31, "model": "admin.logentry", "fields": {"action_flag": 1, "action_time": "2011-09-08 19:53:57", "object_repr": "Pons", "object_id": "10", "change_message": "", "user": 2, "content_type": 14}}, {"pk": 30, "model": "admin.logentry", "fields": {"action_flag": 1, "action_time": "2011-09-08 19:53:33", "object_repr": "Orange", "object_id": "9", "change_message": "", "user": 2, "content_type": 14}}, {"pk": 29, "model": "admin.logentry", "fields": {"action_flag": 1, "action_time": "2011-09-08 19:52:48", "object_repr": "Vogue", "object_id": "8", "change_message": "", "user": 2, "content_type": 14}}, {"pk": 28, "model": "admin.logentry", "fields": {"action_flag": 1, "action_time": "2011-09-08 19:52:26", "object_repr": "Ritchy", "object_id": "7", "change_message": "", "user": 2, "content_type": 14}}, {"pk": 27, "model": "admin.logentry", "fields": {"action_flag": 1, "action_time": "2011-09-08 19:51:59", "object_repr": "Vergy", "object_id": "6", "change_message": "", "user": 2, "content_type": 14}}, {"pk": 26, "model": "admin.logentry", "fields": {"action_flag": 1, "action_time": "2011-09-08 19:51:29", "object_repr": "Gamucci", "object_id": "5", "change_message": "", "user": 2, "content_type": 14}}, {"pk": 25, "model": "admin.logentry", "fields": {"action_flag": 1, "action_time": "2011-09-08 19:50:36", "object_repr": "Cigarti", "object_id": "4", "change_message": "", "user": 2, "content_type": 14}}, {"pk": 24, "model": "admin.logentry", "fields": {"action_flag": 1, "action_time": "2011-09-08 19:50:04", "object_repr": "Tobacoff", "object_id": "3", "change_message": "", "user": 2, "content_type": 14}}, {"pk": 23, "model": "admin.logentry", "fields": {"action_flag": 1, "action_time": "2011-09-08 19:48:56", "object_repr": "E-puffer", "object_id": "2", "change_message": "", "user": 2, "content_type": 14}}, {"pk": 22, "model": "admin.logentry", "fields": {"action_flag": 2, "action_time": "2011-09-08 19:43:49", "object_repr": "\u042d\u043b\u0435\u043a\u0442\u0440\u043e\u043d\u043d\u044b\u0435 \u0441\u0438\u0433\u0430\u0440\u0435\u0442\u044b: \u0431\u0435\u0437\u043e\u043f\u0430\u0441\u043d\u0430\u044f \u0437\u0430\u043c\u0435\u043d\u0430?", "object_id": "1", "change_message": "\u0418\u0437\u043c\u0435\u043d\u0435\u043d slug.", "user": 2, "content_type": 23}}, {"pk": 21, "model": "admin.logentry", "fields": {"action_flag": 1, "action_time": "2011-09-08 19:43:11", "object_repr": "\u042d\u043b\u0435\u043a\u0442\u0440\u043e\u043d\u043d\u044b\u0435 \u0441\u0438\u0433\u0430\u0440\u0435\u0442\u044b: \u0431\u0435\u0437\u043e\u043f\u0430\u0441\u043d\u0430\u044f \u0437\u0430\u043c\u0435\u043d\u0430?", "object_id": "1", "change_message": "", "user": 2, "content_type": 23}}, {"pk": 20, "model": "admin.logentry", "fields": {"action_flag": 1, "action_time": "2011-09-08 19:16:16", "object_repr": "/contacts/ -- \u041a\u043e\u043d\u0442\u0430\u043a\u0442\u044b", "object_id": "5", "change_message": "", "user": 2, "content_type": 9}}, {"pk": 19, "model": "admin.logentry", "fields": {"action_flag": 1, "action_time": "2011-09-08 19:15:27", "object_repr": "/about/ -- \u041e \u043a\u043e\u043c\u043f\u0430\u043d\u0438\u0438 \"\u042d\u043b\u0435\u043a\u0442\u0440\u043e\u043d\u043d\u044b\u0435 \u0441\u0438\u0433\u0430\u0440\u0435\u0442\u044b\"", "object_id": "4", "change_message": "", "user": 2, "content_type": 9}}, {"pk": 18, "model": "admin.logentry", "fields": {"action_flag": 1, "action_time": "2011-09-08 19:14:35", "object_repr": "/for-partners/ -- \u041e\u043f\u0442\u043e\u0432\u0438\u043a\u0430\u043c", "object_id": "3", "change_message": "", "user": 2, "content_type": 9}}, {"pk": 17, "model": "admin.logentry", "fields": {"action_flag": 1, "action_time": "2011-09-08 19:13:12", "object_repr": "/delivery/ -- \u0423\u0441\u043b\u043e\u0432\u0438\u044f \u0434\u043e\u0441\u0442\u0430\u0432\u043a\u0438", "object_id": "2", "change_message": "", "user": 2, "content_type": 9}}, {"pk": 16, "model": "admin.logentry", "fields": {"action_flag": 1, "action_time": "2011-09-08 18:59:01", "object_repr": "\u041e\u043f\u0442\u043e\u0432\u0438\u043a\u0430\u043c", "object_id": "7", "change_message": "", "user": 2, "content_type": 13}}, {"pk": 15, "model": "admin.logentry", "fields": {"action_flag": 1, "action_time": "2011-09-08 18:58:21", "object_repr": "\u0421\u0442\u0430\u0442\u044c\u0438", "object_id": "6", "change_message": "", "user": 2, "content_type": 13}}, {"pk": 14, "model": "admin.logentry", "fields": {"action_flag": 1, "action_time": "2011-09-08 18:58:08", "object_repr": "\u041a\u043e\u043d\u0442\u0430\u043a\u0442\u044b", "object_id": "5", "change_message": "", "user": 2, "content_type": 13}}, {"pk": 13, "model": "admin.logentry", "fields": {"action_flag": 1, "action_time": "2011-09-08 18:57:55", "object_repr": "\u041e \u043a\u043e\u043c\u043f\u0430\u043d\u0438\u0438", "object_id": "4", "change_message": "", "user": 2, "content_type": 13}}, {"pk": 12, "model": "admin.logentry", "fields": {"action_flag": 2, "action_time": "2011-09-08 18:57:20", "object_repr": "\u042d\u043b\u0435\u043a\u0442\u0440\u043e\u043d\u043d\u044b\u0435 \u0441\u0438\u0433\u0430\u0440\u0435\u0442\u044b", "object_id": "2", "change_message": "\u0418\u0437\u043c\u0435\u043d\u0435\u043d url.", "user": 2, "content_type": 13}}, {"pk": 11, "model": "admin.logentry", "fields": {"action_flag": 1, "action_time": "2011-09-08 18:57:06", "object_repr": "\u0414\u043e\u0441\u0442\u0430\u0432\u043a\u0430", "object_id": "3", "change_message": "", "user": 2, "content_type": 13}}, {"pk": 10, "model": "admin.logentry", "fields": {"action_flag": 1, "action_time": "2011-09-08 18:56:42", "object_repr": "\u042d\u043b\u0435\u043a\u0442\u0440\u043e\u043d\u043d\u044b\u0435 \u0441\u0438\u0433\u0430\u0440\u0435\u0442\u044b", "object_id": "2", "change_message": "", "user": 2, "content_type": 13}}, {"pk": 9, "model": "admin.logentry", "fields": {"action_flag": 1, "action_time": "2011-09-08 18:52:46", "object_repr": "\u0413\u043b\u0430\u0432\u043d\u0430\u044f", "object_id": "1", "change_message": "", "user": 2, "content_type": 13}}, {"pk": 8, "model": "admin.logentry", "fields": {"action_flag": 1, "action_time": "2011-09-08 18:52:18", "object_repr": "topmenu", "object_id": "1", "change_message": "", "user": 2, "content_type": 12}}, {"pk": 7, "model": "admin.logentry", "fields": {"action_flag": 1, "action_time": "2011-09-08 18:51:59", "object_repr": "/ -- \u0423 \u043d\u0430\u0441 \u0412\u044b \u043c\u043e\u0436\u0435\u0442\u0435 \u043a\u0443\u043f\u0438\u0442\u044c \u044d\u043b\u0435\u043a\u0442\u0440\u043e\u043d\u043d\u044b\u0435 \u0441\u0438\u0433\u0430\u0440\u0435\u0442\u044b!", "object_id": "1", "change_message": "", "user": 2, "content_type": 9}}, {"pk": 6, "model": "admin.logentry", "fields": {"action_flag": 1, "action_time": "2011-09-08 18:50:27", "object_repr": "PS", "object_id": "1", "change_message": "", "user": 2, "content_type": 14}}, {"pk": 5, "model": "admin.logentry", "fields": {"action_flag": 1, "action_time": "2011-09-08 18:49:39", "object_repr": "\u041c\u044f\u0442\u0430", "object_id": "2", "change_message": "", "user": 2, "content_type": 15}}, {"pk": 4, "model": "admin.logentry", "fields": {"action_flag": 1, "action_time": "2011-09-08 18:49:11", "object_repr": "\u042f\u0431\u043b\u043e\u043a\u043e", "object_id": "1", "change_message": "", "user": 2, "content_type": 15}}, {"pk": 3, "model": "admin.logentry", "fields": {"action_flag": 2, "action_time": "2011-09-08 18:48:29", "object_repr": "moderator", "object_id": "2", "change_message": "\u0418\u0437\u043c\u0435\u043d\u0435\u043d is_staff \u0438 groups.", "user": 1, "content_type": 3}}, {"pk": 2, "model": "admin.logentry", "fields": {"action_flag": 1, "action_time": "2011-09-08 18:48:20", "object_repr": "moderator", "object_id": "2", "change_message": "", "user": 1, "content_type": 3}}, {"pk": 1, "model": "admin.logentry", "fields": {"action_flag": 1, "action_time": "2011-09-08 18:48:07", "object_repr": "Moderators", "object_id": "1", "change_message": "", "user": 1, "content_type": 2}}, {"pk": 1, "model": "flatpages.flatpage", "fields": {"registration_required": false, "title": "\u0423 \u043d\u0430\u0441 \u0412\u044b \u043c\u043e\u0436\u0435\u0442\u0435 \u043a\u0443\u043f\u0438\u0442\u044c \u044d\u043b\u0435\u043a\u0442\u0440\u043e\u043d\u043d\u044b\u0435 \u0441\u0438\u0433\u0430\u0440\u0435\u0442\u044b!", "url": "/", "template_name": "flatpages/welcome.html", "sites": [1], "content": "\u0442\u0443\u0442 \u0431\u0443\u0434\u0435\u0442 \u043c\u043d\u043e\u0433\u043e \u0442\u0435\u043a\u0441\u0442\u0430 \u0441\u043e \u0441\u0442\u0430\u0440\u043e\u0433\u043e \u0441\u0430\u0439\u0442\u0430", "enable_comments": false}}, {"pk": 4, "model": "flatpages.flatpage", "fields": {"registration_required": false, "title": "\u041e \u043a\u043e\u043c\u043f\u0430\u043d\u0438\u0438 \"\u042d\u043b\u0435\u043a\u0442\u0440\u043e\u043d\u043d\u044b\u0435 \u0441\u0438\u0433\u0430\u0440\u0435\u0442\u044b\"", "url": "/about/", "template_name": "", "sites": [1], "content": "\u041d\u0430\u0448\u0430 \u043a\u043e\u043c\u043f\u0430\u043d\u0438\u044f - \u043b\u0443\u0447\u0448\u0430\u044f \u0432 \u043c\u0438\u0440\u0435!", "enable_comments": false}}, {"pk": 5, "model": "flatpages.flatpage", "fields": {"registration_required": false, "title": "\u041a\u043e\u043d\u0442\u0430\u043a\u0442\u044b", "url": "/contacts/", "template_name": "", "sites": [1], "content": "\u041a\u043e\u043d\u0442\u0430\u043a\u0442\u043d\u0430\u044f \u0438\u043d\u0444\u0430", "enable_comments": false}}, {"pk": 2, "model": "flatpages.flatpage", "fields": {"registration_required": false, "title": "\u0423\u0441\u043b\u043e\u0432\u0438\u044f \u0434\u043e\u0441\u0442\u0430\u0432\u043a\u0438", "url": "/delivery/", "template_name": "", "sites": [1], "content": "\u041f\u043e \u041c\u043e\u0441\u043a\u0432\u0435 - 200\u0440\r\n\r\n\u0441\u0430\u043c\u043e\u0432\u044b\u0432\u043e\u0437 \u043d\u0430 \u0445\u0430\u043b\u044f\u0432\u0443", "enable_comments": false}}, {"pk": 3, "model": "flatpages.flatpage", "fields": {"registration_required": false, "title": "\u041e\u043f\u0442\u043e\u0432\u0438\u043a\u0430\u043c", "url": "/for-partners/", "template_name": "", "sites": [1], "content": "\u0434\u043b\u044f \u043e\u043f\u0442\u043e\u0432\u0438\u043a\u043e\u0432 \u043e\u0441\u043e\u0431\u044b\u0435 \u0443\u0441\u043b\u043e\u0432\u0438\u044f", "enable_comments": false}}, {"pk": "sorl-thumbnail||image||8c28a5a520e48e7657890ab077f5a6e9", "model": "thumbnail.kvstore", "fields": {"value": "{\"storage\": \"django.core.files.storage.FileSystemStorage\", \"name\": \"cigaretteimages/royal3.jpg\", \"size\": [354, 449]}"}}, {"pk": "sorl-thumbnail||image||670e67d134cb283622d9b60c4b1e2b79", "model": "thumbnail.kvstore", "fields": {"value": "{\"storage\": \"django.core.files.storage.FileSystemStorage\", \"name\": \"cache/e3/10/e310bd5847e570f9684997bcf43c6419.jpg\", \"size\": [150, 150]}"}}, {"pk": "sorl-thumbnail||thumbnails||8c28a5a520e48e7657890ab077f5a6e9", "model": "thumbnail.kvstore", "fields": {"value": "[\"670e67d134cb283622d9b60c4b1e2b79\"]"}}, {"pk": "sorl-thumbnail||image||435d6e52b889d9052e88c2cff1cae3aa", "model": "thumbnail.kvstore", "fields": {"value": "{\"storage\": \"django.core.files.storage.FileSystemStorage\", \"name\": \"cigaretteimages/royal2.jpg\", \"size\": [408, 491]}"}}, {"pk": "sorl-thumbnail||image||dc1848efabd1f80e8dc54c371d69f623", "model": "thumbnail.kvstore", "fields": {"value": "{\"storage\": \"django.core.files.storage.FileSystemStorage\", \"name\": \"cache/9a/eb/9aeb69d966c2745eff36d0c7f00d36b6.jpg\", \"size\": [50, 50]}"}}, {"pk": "sorl-thumbnail||thumbnails||435d6e52b889d9052e88c2cff1cae3aa", "model": "thumbnail.kvstore", "fields": {"value": "[\"dc1848efabd1f80e8dc54c371d69f623\"]"}}, {"pk": "sorl-thumbnail||image||3e5c002b7354a184cb65fb046f3b3c0e", "model": "thumbnail.kvstore", "fields": {"value": "{\"storage\": \"django.core.files.storage.FileSystemStorage\", \"name\": \"cartridgeimages/royal.jpg\", \"size\": [243, 198]}"}}, {"pk": "sorl-thumbnail||image||95d4e0563d3d70dcca78751306bec468", "model": "thumbnail.kvstore", "fields": {"value": "{\"storage\": \"django.core.files.storage.FileSystemStorage\", \"name\": \"cache/60/8b/608bf7f5b4149ff8a038ab728923ac2e.jpg\", \"size\": [150, 150]}"}}, {"pk": "sorl-thumbnail||thumbnails||3e5c002b7354a184cb65fb046f3b3c0e", "model": "thumbnail.kvstore", "fields": {"value": "[\"95d4e0563d3d70dcca78751306bec468\"]"}}, {"pk": "sorl-thumbnail||image||b0e4b868dab811fa4d84bf1e5d256b3a", "model": "thumbnail.kvstore", "fields": {"value": "{\"storage\": \"django.core.files.storage.FileSystemStorage\", \"name\": \"accessoryimages/man2.jpg\", \"size\": [50, 43]}"}}, {"pk": "sorl-thumbnail||image||870a4bf06a364cd8e0974ad4bd9a1368", "model": "thumbnail.kvstore", "fields": {"value": "{\"storage\": \"django.core.files.storage.FileSystemStorage\", \"name\": \"cache/8a/83/8a833734cb0f80d4cfb13f8d5bf7bf23.jpg\", \"size\": [150, 150]}"}}, {"pk": "sorl-thumbnail||thumbnails||b0e4b868dab811fa4d84bf1e5d256b3a", "model": "thumbnail.kvstore", "fields": {"value": "[\"870a4bf06a364cd8e0974ad4bd9a1368\"]"}}, {"pk": "sorl-thumbnail||image||fa41d024e032717115cdf1bb3afc205f", "model": "thumbnail.kvstore", "fields": {"value": "{\"storage\": \"django.core.files.storage.FileSystemStorage\", \"name\": \"flavours/myata.jpg\", \"size\": [500, 391]}"}}, {"pk": "sorl-thumbnail||image||57daefaa54af9cf9ed18067abbff9fbf", "model": "thumbnail.kvstore", "fields": {"value": "{\"storage\": \"django.core.files.storage.FileSystemStorage\", \"name\": \"cache/70/50/70501075a2c1bccdd6c4e0c64d52604e.jpg\", \"size\": [50, 50]}"}}, {"pk": "sorl-thumbnail||thumbnails||fa41d024e032717115cdf1bb3afc205f", "model": "thumbnail.kvstore", "fields": {"value": "[\"57daefaa54af9cf9ed18067abbff9fbf\"]"}}, {"pk": "sorl-thumbnail||image||f8f333619250279811f1b4b6d65a054f", "model": "thumbnail.kvstore", "fields": {"value": "{\"storage\": \"django.core.files.storage.FileSystemStorage\", \"name\": \"flavours/cerri.jpg\", \"size\": [693, 693]}"}}, {"pk": "sorl-thumbnail||image||680e26f3f79175d146232091e2c3225a", "model": "thumbnail.kvstore", "fields": {"value": "{\"storage\": \"django.core.files.storage.FileSystemStorage\", \"name\": \"cache/86/dc/86dcb919f3c06c1347ec8715706373d9.jpg\", \"size\": [50, 50]}"}}, {"pk": "sorl-thumbnail||thumbnails||f8f333619250279811f1b4b6d65a054f", "model": "thumbnail.kvstore", "fields": {"value": "[\"680e26f3f79175d146232091e2c3225a\"]"}}, {"pk": "sorl-thumbnail||image||bf8ddcf97870b725800214ee8e005a26", "model": "thumbnail.kvstore", "fields": {"value": "{\"storage\": \"django.core.files.storage.FileSystemStorage\", \"name\": \"flavours/dunhill.jpg\", \"size\": [400, 400]}"}}, {"pk": "sorl-thumbnail||image||9f583686898f279e62df012be2e44279", "model": "thumbnail.kvstore", "fields": {"value": "{\"storage\": \"django.core.files.storage.FileSystemStorage\", \"name\": \"cache/be/1f/be1f0c7a3571c675c1da56f6cd92f0f4.jpg\", \"size\": [50, 50]}"}}, {"pk": "sorl-thumbnail||thumbnails||bf8ddcf97870b725800214ee8e005a26", "model": "thumbnail.kvstore", "fields": {"value": "[\"9f583686898f279e62df012be2e44279\"]"}}, {"pk": "sorl-thumbnail||image||a12df8690a38719cd907f6accd33307e", "model": "thumbnail.kvstore", "fields": {"value": "{\"storage\": \"django.core.files.storage.FileSystemStorage\", \"name\": \"flavours/marlboro.jpg\", \"size\": [400, 400]}"}}, {"pk": "sorl-thumbnail||image||e3b9b93cc9dd8b7fb84da79751ff792b", "model": "thumbnail.kvstore", "fields": {"value": "{\"storage\": \"django.core.files.storage.FileSystemStorage\", \"name\": \"cache/67/8f/678f35d41e34f8b932dd7506868cea2a.jpg\", \"size\": [50, 50]}"}}, {"pk": "sorl-thumbnail||thumbnails||a12df8690a38719cd907f6accd33307e", "model": "thumbnail.kvstore", "fields": {"value": "[\"e3b9b93cc9dd8b7fb84da79751ff792b\"]"}}, {"pk": "sorl-thumbnail||image||0b1a90a42b7402bb7152543e68754a19", "model": "thumbnail.kvstore", "fields": {"value": "{\"storage\": \"django.core.files.storage.FileSystemStorage\", \"name\": \"flavours/virginia.jpg\", \"size\": [320, 480]}"}}, {"pk": "sorl-thumbnail||image||66cb13dec50d0fbfe221d694d4f09fa8", "model": "thumbnail.kvstore", "fields": {"value": "{\"storage\": \"django.core.files.storage.FileSystemStorage\", \"name\": \"cache/ba/55/ba55c18002e4a25e1816f0ee37f62f41.jpg\", \"size\": [50, 50]}"}}, {"pk": "sorl-thumbnail||thumbnails||0b1a90a42b7402bb7152543e68754a19", "model": "thumbnail.kvstore", "fields": {"value": "[\"66cb13dec50d0fbfe221d694d4f09fa8\"]"}}, {"pk": "sorl-thumbnail||image||eb3e7fb7f07d6a8fe219c85e65fd9342", "model": "thumbnail.kvstore", "fields": {"value": "{\"storage\": \"django.core.files.storage.FileSystemStorage\", \"name\": \"flavours/coffee.jpg\", \"size\": [1844, 1891]}"}}, {"pk": "sorl-thumbnail||image||4d579853ebdf608530a3381c1f1304fc", "model": "thumbnail.kvstore", "fields": {"value": "{\"storage\": \"django.core.files.storage.FileSystemStorage\", \"name\": \"cache/87/f1/87f191714b51c95f66310920aa1f7b4b.jpg\", \"size\": [50, 50]}"}}, {"pk": "sorl-thumbnail||thumbnails||eb3e7fb7f07d6a8fe219c85e65fd9342", "model": "thumbnail.kvstore", "fields": {"value": "[\"4d579853ebdf608530a3381c1f1304fc\"]"}}, {"pk": "sorl-thumbnail||image||3a86b3346bb1cc0661cd4de80632753e", "model": "thumbnail.kvstore", "fields": {"value": "{\"storage\": \"django.core.files.storage.FileSystemStorage\", \"name\": \"flavours/tobacco.jpg\", \"size\": [648, 454]}"}}, {"pk": "sorl-thumbnail||image||21e6ccd7105ca36ea6201f61d586097b", "model": "thumbnail.kvstore", "fields": {"value": "{\"storage\": \"django.core.files.storage.FileSystemStorage\", \"name\": \"cache/ba/c9/bac9a9bb4179de5bf7b83e654f7fc5d6.jpg\", \"size\": [50, 50]}"}}, {"pk": "sorl-thumbnail||thumbnails||3a86b3346bb1cc0661cd4de80632753e", "model": "thumbnail.kvstore", "fields": {"value": "[\"21e6ccd7105ca36ea6201f61d586097b\"]"}}, {"pk": 1, "model": "shop.cart", "fields": {"date_created": "2011-09-08 22:30:33", "last_updated": "2011-09-08 22:30:36", "user": 2}}, {"pk": 2, "model": "shop.cart", "fields": {"date_created": "2011-09-08 23:29:07", "last_updated": "2011-09-08 23:29:07", "user": null}}, {"pk": 3, "model": "shop.cart", "fields": {"date_created": "2011-09-09 02:32:01", "last_updated": "2011-09-09 02:32:01", "user": 1}}, {"pk": 1, "model": "shop.cartitem", "fields": {"product": 2, "cart": 1, "quantity": 2}}, {"pk": 2, "model": "shop.cartitem", "fields": {"product": 1, "cart": 1, "quantity": 0}}, {"pk": 3, "model": "shop.cartitem", "fields": {"product": 3, "cart": 1, "quantity": 0}}, {"pk": 1, "model": "shop.product", "fields": {"name": "\u041a\u0430\u0440\u0442\u0440\u0438\u0434\u0436 \u0434\u043b\u044f PS Royal", "unit_price": "300", "last_modified": "2011-09-08 20:26:49", "active": true, "date_added": "2011-09-08 20:26:49", "slug": "kartridzh-dlya-ps-royal", "polymorphic_ctype": 16}}, {"pk": 2, "model": "shop.product", "fields": {"name": "Royal", "unit_price": "3200", "last_modified": "2011-09-09 03:57:38", "active": true, "date_added": "2011-09-08 20:33:10", "slug": "perfectsmoke_r", "polymorphic_ctype": 18}}, {"pk": 3, "model": "shop.product", "fields": {"name": "\u0427\u0435\u0445\u043e\u043b \u0434\u043b\u044f \u0441\u0438\u0433\u0430\u0440\u0435\u0442\u044b", "unit_price": "300", "last_modified": "2011-09-08 20:58:37", "active": true, "date_added": "2011-09-08 20:58:01", "slug": "chehol-dlya-sigarety", "polymorphic_ctype": 20}}, {"pk": 1, "model": "shop.order", "fields": {"status": 4, "order_total": "5200", "created": "2011-09-08 22:30:14", "modified": "2011-09-08 22:30:17", "order_subtotal": "5000", "billing_address_text": "\n\u0418\u043c\u044f \u043f\u043e\u043b\u0443\u0447\u0430\u0442\u0435\u043b\u044f: \u0418\u043c\u044f\n\u0422\u0435\u043b\u0435\u0444\u043e\u043d \u043f\u043e\u043b\u0443\u0447\u0430\u0442\u0435\u043b\u044f: 89067151725\nemail: va.bolshakov@gmail.com\n\u0410\u0434\u0440\u0435\u0441 \u0434\u043e\u0441\u0442\u0430\u0432\u043a\u0438: \n", "user": 2, "shipping_address_text": "\n\u0418\u043c\u044f \u043f\u043e\u043b\u0443\u0447\u0430\u0442\u0435\u043b\u044f: \u0418\u043c\u044f\n\u0422\u0435\u043b\u0435\u0444\u043e\u043d \u043f\u043e\u043b\u0443\u0447\u0430\u0442\u0435\u043b\u044f: 89067151725\nemail: va.bolshakov@gmail.com\n\u0410\u0434\u0440\u0435\u0441 \u0434\u043e\u0441\u0442\u0430\u0432\u043a\u0438: \n"}}, {"pk": 1, "model": "shop.orderitem", "fields": {"product": 3, "line_total": "300", "unit_price": "300", "product_name": "\u0427\u0435\u0445\u043e\u043b \u0434\u043b\u044f \u0441\u0438\u0433\u0430\u0440\u0435\u0442\u044b", "product_reference": "3", "line_subtotal": "300", "order": 1, "quantity": 1}}, {"pk": 2, "model": "shop.orderitem", "fields": {"product": 2, "line_total": "3200", "unit_price": "3200", "product_name": "Royal", "product_reference": "2", "line_subtotal": "3200", "order": 1, "quantity": 1}}, {"pk": 3, "model": "shop.orderitem", "fields": {"product": 1, "line_total": "1500", "unit_price": "300", "product_name": "\u041a\u0430\u0440\u0442\u0440\u0438\u0434\u0436 \u0434\u043b\u044f PS Royal", "product_reference": "1", "line_subtotal": "1500", "order": 1, "quantity": 5}}, {"pk": 1, "model": "shop.extraorderpricefield", "fields": {"is_shipping": true, "order": 1, "value": "200", "label": "\u0414\u043e\u0441\u0442\u0430\u0432\u043a\u0430 \u043f\u043e \u041c\u043e\u0441\u043a\u0432\u0435"}}, {"pk": 1, "model": "shop.orderpayment", "fields": {"payment_method": "\u041e\u043f\u043b\u0430\u0442\u0430 \u043d\u0430\u043b\u0438\u0447\u043d\u044b\u043c\u0438", "amount": "5200", "order": 1, "transaction_id": "None"}}, {"pk": 1, "model": "south.migrationhistory", "fields": {"applied": "2011-09-08 14:46:07", "app_name": "djangoratings", "migration": "0001_initial"}}, {"pk": 2, "model": "south.migrationhistory", "fields": {"applied": "2011-09-08 14:46:07", "app_name": "djangoratings", "migration": "0002_add_mean_and_stddev"}}, {"pk": 3, "model": "south.migrationhistory", "fields": {"applied": "2011-09-08 14:46:07", "app_name": "djangoratings", "migration": "0003_add_correlations"}}, {"pk": 4, "model": "south.migrationhistory", "fields": {"applied": "2011-09-08 14:46:07", "app_name": "djangoratings", "migration": "0004_rethink_recommendations"}}, {"pk": 5, "model": "south.migrationhistory", "fields": {"applied": "2011-09-08 14:46:07", "app_name": "djangoratings", "migration": "0005_add_exclusions"}}, {"pk": 6, "model": "south.migrationhistory", "fields": {"applied": "2011-09-08 14:46:07", "app_name": "djangoratings", "migration": "0006_add_cookies"}}, {"pk": 7, "model": "south.migrationhistory", "fields": {"applied": "2011-09-08 14:46:08", "app_name": "shop", "migration": "0001_initial"}}, {"pk": 8, "model": "south.migrationhistory", "fields": {"applied": "2011-09-08 14:46:08", "app_name": "shop", "migration": "0002_auto__del_field_product_long_description__del_field_product_short_desc"}}, {"pk": 9, "model": "south.migrationhistory", "fields": {"applied": "2011-09-08 14:46:08", "app_name": "shop", "migration": "0003_auto__del_country__del_address__del_client"}}, {"pk": 10, "model": "south.migrationhistory", "fields": {"applied": "2011-09-08 14:46:08", "app_name": "shop", "migration": "0004_address_as_text"}}, {"pk": 11, "model": "south.migrationhistory", "fields": {"applied": "2011-09-08 14:46:08", "app_name": "shop", "migration": "0005_auto__add_field_orderitem_product__chg_field_orderitem_product_name"}}, {"pk": 12, "model": "south.migrationhistory", "fields": {"applied": "2011-09-08 14:46:08", "app_name": "shop", "migration": "0006_auto__del_field_order_payment_method"}}, {"pk": 13, "model": "south.migrationhistory", "fields": {"applied": "2011-09-08 14:46:09", "app_name": "shop", "migration": "0007_auto__add_unique_product_slug"}}, {"pk": 14, "model": "south.migrationhistory", "fields": {"applied": "2011-09-08 14:46:09", "app_name": "shop_simplevariations", "migration": "0001_initial"}}, {"pk": 15, "model": "south.migrationhistory", "fields": {"applied": "2011-09-08 14:46:09", "app_name": "shop_simplevariations", "migration": "0002_auto__add_cartitemtextoption"}}, {"pk": 16, "model": "south.migrationhistory", "fields": {"applied": "2011-09-08 14:46:09", "app_name": "shop_simplevariations", "migration": "0003_auto__add_textoption__del_field_cartitemtextoption_price__add_field_ca"}}, {"pk": 17, "model": "south.migrationhistory", "fields": {"applied": "2011-09-08 14:46:09", "app_name": "shop_simplevariations", "migration": "0004_auto__del_field_textoption_description__add_field_textoption_name"}}, {"pk": 18, "model": "south.migrationhistory", "fields": {"applied": "2011-09-08 14:46:09", "app_name": "shop_simplevariations", "migration": "0005_auto__add_field_textoption_description"}}, {"pk": 1, "model": "sitetree.tree", "fields": {"alias": "topmenu"}}, {"pk": 1, "model": "djangoratings.vote", "fields": {"content_type": 18, "object_id": 2, "score": 3, "cookie": "20110909035738156862", "user": 1, "key": "2c5504ab9a86164db22a92dc8793843d", "date_changed": "2011-09-09 03:57:38", "date_added": "2011-09-09 03:57:38", "ip_address": "127.0.0.1"}}, {"pk": 1, "model": "djangoratings.score", "fields": {"key": "2c5504ab9a86164db22a92dc8793843d", "votes": 1, "score": 3, "object_id": 2, "content_type": 18}}, {"pk": 1, "model": "feedback.feedback", "fields": {"url": "/", "email": "", "text": "sdf", "site": 1, "subject": ""}}, {"pk": 1, "model": "myshop.manufacturer", "fields": {"meta_description": "", "service_center": true, "meta_keywords": "", "description": "\u0422\u043e\u0440\u0433\u043e\u0432\u0430\u044f \u043c\u0430\u0440\u043a\u0430 \"PS\" \u0441\u043f\u0435\u0446\u0438\u0430\u043b\u0438\u0437\u0438\u0440\u0443\u0435\u0442\u0441\u044f \u043d\u0430 \u0432\u044b\u043f\u0443\u0441\u043a\u0435 \u044d\u043b\u0435\u043a\u0442\u0440\u043e\u043d\u043d\u044b\u0445 \u0441\u0438\u0433\u0430\u0440\u0435\u0442 \u043f\u0440\u0435\u043c\u0438\u0443\u043c \u043a\u043b\u0430\u0441\u0441\u0430. \u041f\u0440\u043e\u0434\u0443\u043a\u0446\u0438\u044e \u044d\u0442\u043e\u0439 \u043a\u043e\u043c\u043f\u0430\u043d\u0438\u0438 \u043e\u0442\u043b\u0438\u0447\u0430\u0435\u0442 \u0445\u043e\u0440\u043e\u0448\u0435\u0435 \u0438\u0441\u043f\u043e\u043b\u043d\u0435\u043d\u0438\u0435 \u0438 \u0431\u043e\u0433\u0430\u0442\u043e\u0435 \u043e\u0444\u043e\u0440\u043c\u043b\u0435\u043d\u0438\u0435 \u043f\u043e\u0434\u0430\u0440\u043e\u0447\u043d\u044b\u0445 \u043d\u0430\u0431\u043e\u0440\u043e\u0432.\r\n\r\n\"PS\"- \u0432\u044b\u0441\u043e\u043a\u043e\u043a\u0430\u0447\u0435\u0441\u0442\u0432\u0435\u043d\u043d\u043e\u0435 \u0438\u0437\u0434\u0435\u043b\u0438\u0435, \u0441\u043e\u0447\u0435\u0442\u0430\u044e\u0449\u0435\u0435 \u0432 \u0441\u0435\u0431\u0435 \u043d\u043e\u0432\u0435\u0439\u0448\u0438\u0435 \u0440\u0430\u0437\u0440\u043e\u0431\u043e\u0442\u043a\u0438, \u043d\u0430\u0434\u0435\u0436\u043d\u043e\u0441\u0442\u044c \u0438 \u0434\u043e\u043b\u0433\u043e\u0432\u0435\u0447\u043d\u043e\u0441\u0442\u044c.", "order": 1, "logo": "manufacturers/ps.jpg", "slug": "imperium", "name": "PS"}}, {"pk": 2, "model": "myshop.manufacturer", "fields": {"meta_description": "", "service_center": false, "meta_keywords": "", "description": "E-Puffer \u043c\u0435\u0436\u0434\u0443\u043d\u0430\u0440\u043e\u0434\u043d\u0430\u044f \u0442\u043e\u0440\u0433\u043e\u0432\u0430\u044f \u043c\u0430\u0440\u043a\u0430, \u043f\u0440\u0435\u043c\u0438\u0443\u043c \u043a\u043b\u0430\u0441\u0441\u0430. \u042d\u0442\u0430 \u043a\u043e\u043c\u043f\u0430\u043d\u0438\u044f \u043f\u0440\u0435\u0434\u043b\u0430\u0433\u0430\u0435\u0442 \u0438\u043d\u0442\u0435\u0440\u0435\u0441\u043d\u044b\u0435 \u043c\u043e\u0434\u0435\u043b\u0438 \u0438 \u0443\u043d\u0438\u043a\u0430\u043b\u044c\u043d\u044b\u0435 \u0440\u0435\u0448\u0435\u043d\u0438\u044f. \"E-Puffer\"- \u043d\u0430\u0434\u0435\u0436\u043d\u044b\u0439 \u043f\u0440\u043e\u0434\u0443\u043a\u0442, \u043e\u0431\u044a\u0435\u0434\u0435\u043d\u044f\u044e\u0449\u0438\u0439 \u0432 \u0441\u0435\u0431\u0435 \u043f\u043e\u0441\u043b\u0435\u0434\u043d\u0438\u0435 \u0440\u0430\u0437\u0440\u043e\u0431\u043e\u0442\u043a\u0438, \u043a\u0430\u0447\u0435\u0441\u0442\u0432\u043e \u0438 \u0434\u043e\u043b\u0433\u043e\u0432\u0435\u0447\u043d\u043e\u0441\u0442\u044c.\r\n\r\n\u0412 \u043d\u0430\u0448\u0435\u043c \u0438\u043d\u0442\u0435\u0440\u043d\u0435\u0442 \u043c\u0430\u0433\u0430\u0437\u0438\u043d\u0435 \u043f\u0440\u0435\u0434\u0441\u0442\u0430\u0432\u043b\u0435\u043d\u0430 \u0441\u0430\u043c\u0430\u044f \u043f\u0440\u043e\u0434\u0430\u0432\u0430\u0435\u043c\u0430\u044f \u043c\u043e\u0434\u0435\u043b\u044c \u044d\u0442\u043e\u0439 \u043c\u0430\u0440\u043a\u0438, \u043a\u043e\u0442\u043e\u0440\u0430\u044f \u0441\u043e\u0447\u0435\u0442\u0430\u0435\u0442 \u0432 \u0441\u0435\u0431\u0435 \u0438\u0437\u044f\u0449\u0435\u0441\u0442\u0432\u043e \u043a\u043b\u0430\u0441\u0441\u0438\u0447\u0435\u0441\u043a\u0438\u0445 \u043c\u043e\u0434\u0435\u043b\u0435\u0439 \u0438 \u043f\u0440\u0430\u043a\u0442\u0438\u0447\u043d\u043e\u0441\u0442\u044c \u0441\u0438\u0433\u0430\u0440\u0435\u0442 \u043f\u043e\u0441\u043b\u0435\u0434\u043d\u0435\u0433\u043e \u043f\u043e\u043a\u043e\u043b\u0435\u043d\u0438\u044f.", "order": 2, "logo": "manufacturers/e-puffer.jpg", "slug": "epuffer", "name": "E-puffer"}}, {"pk": 3, "model": "myshop.manufacturer", "fields": {"meta_description": "", "service_center": false, "meta_keywords": "", "description": "\u041f\u043e\u0434 \u0442\u043e\u0440\u0433\u043e\u0432\u043e\u0439 \u043c\u0430\u0440\u043a\u043e\u0439 \"Tobacoff\" \u0432\u044b\u043f\u0443\u0441\u043a\u0430\u0435\u0442\u0441\u044f \u0447\u0435\u0442\u044b\u0440\u0435 \u0432\u0438\u0434\u0430 \u044d\u043b\u0435\u043a\u0442\u0440\u043e\u043d\u043d\u044b\u0445 \u0441\u0438\u0433\u0430\u0440\u0435\u0442 \u00abClassic Black\u00bb, \u00abBusiness\u00bb, \u00abFashion\u00bb, \u00abExclusive\u00bb. \u0423 \u0412\u0430\u0441 \u0435\u0441\u0442\u044c \u0432\u043e\u0437\u043c\u043e\u0436\u043d\u043e\u0441\u0442\u044c \u0432\u044b\u0431\u0440\u0430\u0442\u044c \u0441\u0438\u0433\u0430\u0440\u0435\u0442\u0443 \u043d\u0430 \u0441\u0432\u043e\u0439 \u0432\u043a\u0443\u0441 \u0438 \u043a\u043e\u0448\u0435\u043b\u0435\u043a.\r\n\r\n\"Tobacoff\" \u043f\u0440\u0435\u0434\u043b\u0430\u0433\u0430\u0435\u0442 \u043a\u0430\u0440\u0442\u0440\u0438\u0434\u0436\u0438 \u0441 \u0440\u0430\u0437\u043b\u0438\u0447\u043d\u044b\u043c \u0441\u043e\u0434\u0435\u0440\u0436\u0430\u043d\u0438\u0435\u043c \u043d\u0438\u043a\u043e\u0442\u0438\u043d\u0430 \u0438\u043b\u0438 \u0432\u043e\u043e\u0431\u0449\u0435 \u0431\u0435\u0437 \u043d\u0435\u0433\u043e, \u0430 \u0434\u043e\u0431\u0430\u0432\u043b\u0435\u043d\u0438\u0435 \u0432 \u0436\u0438\u0434\u043a\u043e\u0441\u0442\u044c \u0430\u0440\u043e\u043c\u0430\u0442\u0438\u0437\u0430\u0442\u043e\u0440\u043e\u0432 \u0441 \u0440\u0430\u0437\u043d\u044b\u043c\u0438 \u043e\u0442\u0442\u0435\u043d\u043a\u0430\u043c\u0438 \u0432\u043a\u0443\u0441\u0430: \u0434\u043e\u0440\u043e\u0433\u043e\u0433\u043e \u0442\u0430\u0431\u0430\u043a\u0430, \u0432\u0430\u043d\u0438\u043b\u0438, \u043a\u043e\u0444\u0435, \u043b\u0438\u043c\u043e\u043d\u0430, \u0432\u0438\u0448\u043d\u0438, \u044f\u0431\u043b\u043e\u043a\u0430 \u0443\u0441\u0438\u043b\u0438\u0442 \u043f\u0440\u0438\u044f\u0442\u043d\u044b\u0435 \u043e\u0449\u0443\u0449\u0435\u043d\u0438\u044f \u043e\u0442 \u0441\u0438\u0433\u0430\u0440\u0435\u0442\u044b.", "order": 3, "logo": "manufacturers/tobacoff.jpg", "slug": "tobacoff", "name": "Tobacoff"}}, {"pk": 4, "model": "myshop.manufacturer", "fields": {"meta_description": "", "service_center": false, "meta_keywords": "", "description": "\u0422\u043e\u0440\u0433\u043e\u0432\u0430\u044f \u043c\u0430\u0440\u043a\u0430 \"Cigarti\" \u043d\u043e\u0432\u044b\u0439 \u043f\u0440\u043e\u0434\u0443\u043a\u0442 \u043d\u0430 \u0440\u043e\u0441\u0441\u0438\u0439\u0441\u043a\u043e\u043c \u0440\u044b\u043d\u043a\u0435 \u0443\u0436\u0435 \u043d\u0430 \u043f\u0440\u043e\u0442\u044f\u0436\u0435\u043d\u0438\u0438 \u0434\u0432\u0443\u0445 \u043b\u0435\u0442 \u0438\u0437\u0432\u0435\u0441\u0442\u0435\u043d \u0432 \u0410\u043c\u0435\u0440\u0438\u043a\u0435, \u041e\u0410\u042d \u0438 \u0440\u044f\u0434\u0435 \u0441\u0442\u0440\u0430\u043d \u0415\u0432\u0440\u043e\u043f\u044b.\r\n\r\n\u041e\u0441\u043d\u043e\u0432\u043d\u044b\u043c\u0438 \u043f\u0440\u0435\u0438\u043c\u0443\u0449\u0435\u0441\u0442\u0432\u0430\u043c\u0438 \u044d\u0442\u043e\u0439 \u043f\u0440\u043e\u0434\u0443\u043a\u0446\u0438\u0438 \u044f\u0432\u043b\u044f\u044e\u0442\u0441\u044f \u043d\u0430\u043b\u0438\u0447\u0438\u0435 \u0432\u0441\u0435\u0433\u043e \u0434\u0432\u0443\u0445 \u0434\u0435\u0442\u0430\u043b\u0435\u0439 \u0432 \u0441\u0438\u0433\u0430\u0440\u0435\u0442\u0435: \u0431\u0430\u0442\u0430\u0440\u0435\u0438 \u0438 \u043d\u0435\u0440\u0430\u0437\u0431\u043e\u0440\u043d\u043e\u0433\u043e \u043a\u0430\u0440\u0442\u0440\u0438\u0434\u0436\u0430 \u0441 \u0432\u0441\u0442\u0440\u043e\u0435\u043d\u043d\u044b\u043c \u0430\u0442\u043e\u043c\u0430\u0439\u0437\u0435\u0440\u043e\u043c. Cigarti \u043f\u0440\u0435\u0434\u043b\u0430\u0433\u0430\u0435\u0442 \u043f\u0440\u0438\u0435\u043c\u043b\u0438\u043c\u044b\u0435 \u0446\u0435\u043d\u044b \u0438 \u0448\u0438\u0440\u043e\u043a\u0438\u0439 \u0430\u0441\u0441\u043e\u0440\u0442\u0438\u043c\u0435\u043d\u0442 \u043a\u0430\u0440\u0442\u0440\u0438\u0434\u0436\u0435\u0439.", "order": 4, "logo": "manufacturers/cigartii.jpg", "slug": "cigarti", "name": "Cigarti"}}, {"pk": 5, "model": "myshop.manufacturer", "fields": {"meta_description": "", "service_center": false, "meta_keywords": "", "description": "\u0422\u043e\u0440\u0433\u043e\u0432\u0430\u044f \u043c\u0430\u0440\u043a\u0430 \"Gamucci\" \u0438\u0437\u0432\u0435\u0441\u0442\u043d\u0430 \u0431\u043e\u043b\u0435\u0435 \u0447\u0435\u043c \u0432 50-\u0442\u0438 \u0441\u0442\u0440\u0430\u043d\u0430\u0445 \u043c\u0438\u0440\u0430. \u042d\u0442\u0430 \u043c\u0430\u0440\u043a\u0430 \u0445\u043e\u0440\u043e\u0448\u043e \u0437\u0430\u0440\u0435\u043a\u043e\u043c\u0435\u043d\u0434\u043e\u0432\u0430\u043b\u0430 \u0441\u0435\u0431\u044f \u043d\u0430 \u043c\u0438\u0440\u043e\u0432\u043e\u043c \u0440\u044b\u043d\u043a\u0435 \u0431\u043b\u0430\u0433\u043e\u0434\u0430\u0440\u044f \u043d\u0430\u0434\u0435\u0436\u043d\u043e\u0441\u0442\u0438 \u043a\u043e\u043c\u043f\u043e\u043d\u0435\u043d\u0442\u043e\u0432 \u0438 \u0441\u0442\u0438\u043b\u044c\u043d\u043e\u043c\u0443 \u0434\u0438\u0437\u0430\u0439\u043d\u0443.\r\n\r\n\"Gamucci\" \u043f\u0440\u0435\u0434\u043b\u0430\u0433\u0430\u0435\u0442 \u043a\u0430\u043a \u043a\u043b\u0430\u0441\u0441\u0438\u0447\u0435\u0441\u043a\u0438\u0435 \u0441\u0438\u0433\u0430\u0440\u0435\u0442\u044b, \u0442\u0430\u043a \u0438 \u0438\u0437\u0434\u0435\u043b\u0438\u044f \u0434\u043b\u044f \u044d\u0441\u0442\u0435\u0442\u043e\u0432. \u0417\u0434\u0435\u0441\u044c \u0412\u044b \u043d\u0430\u0439\u0434\u0435\u0442\u0435 \u0441\u0438\u0433\u0430\u0440\u0435\u0442\u044b \u0441 \u0433\u0440\u0430\u0432\u0438\u0440\u043e\u0432\u043a\u043e\u0439, \u0437\u043e\u043b\u043e\u0447\u0435\u043d\u0438\u0435\u043c, \u0430\u044d\u0440\u043e\u0433\u0440\u0430\u0444\u0438\u0435\u0439 \u0438 \u0434\u0430\u0436\u0435 \u0441 \u0438\u043d\u043a\u0440\u0443\u0441\u0442\u0430\u0446\u0438\u0435\u0439! \u0415\u0441\u043b\u0438 \u0412\u0430\u043c \u043d\u0440\u0430\u0432\u0438\u0442\u0441\u044f \u0432\u044b\u0434\u0435\u043b\u044f\u0442\u044c\u0441\u044f - Gamucci \u0441\u043e\u0437\u0434\u0430\u043d \u0441\u043f\u0435\u0446\u0438\u0430\u043b\u044c\u043d\u043e \u0434\u043b\u044f \u0412\u0430\u0441!", "order": 5, "logo": "manufacturers/gamucci.jpg", "slug": "gamucci", "name": "Gamucci"}}, {"pk": 6, "model": "myshop.manufacturer", "fields": {"meta_description": "", "service_center": false, "meta_keywords": "", "description": "\u0422\u043e\u0440\u0433\u043e\u0432\u0430\u044f \u043c\u0430\u0440\u043a\u0430 \u00abVergy\u00bb \u0441\u043f\u0435\u0446\u0438\u0430\u043b\u0438\u0437\u0438\u0440\u0443\u0435\u0442\u0441\u044f \u043d\u0430 \u0432\u044b\u043f\u0443\u0441\u043a\u0435 \u044d\u043b\u0435\u043a\u0442\u0440\u043e\u043d\u043d\u044b\u0445 \u0441\u0438\u0433\u0430\u0440\u0435\u0442 \u043f\u0440\u0435\u043c\u0438\u0443\u043c \u043a\u043b\u0430\u0441\u0441\u0430. Vergy \u044d\u0442\u043e \u043f\u0435\u0440\u0432\u043e\u043a\u043b\u0430\u0441\u0441\u043d\u044b\u0435 \u0445\u0430\u0440\u0430\u043a\u0442\u0435\u0440\u0438\u0441\u0442\u0438\u043a\u0438, \u043d\u0430\u0434\u0435\u0436\u043d\u043e\u0441\u0442\u044c \u0440\u0430\u0431\u043e\u0442\u044b \u0438 \u0438\u0437\u044f\u0449\u043d\u044b\u0439 \u0434\u0438\u0437\u0430\u0439\u043d. \r\n\r\n\u041e\u0441\u043d\u043e\u0432\u043d\u044b\u0435 \u043a\u0440\u0438\u0442\u0435\u0440\u0438\u0438 \u0432\u044b\u0431\u043e\u0440\u0430 \u044d\u0442\u043e \u0443\u0434\u043e\u0431\u0441\u0442\u0432\u043e \u0438\u0441\u043f\u043e\u043b\u044c\u0437\u043e\u0432\u0430\u043d\u0438\u044f \u0438 \u0443\u043d\u0438\u043a\u0430\u043b\u044c\u043d\u044b\u0439 \u0434\u0438\u0437\u0430\u0439\u043d, \u0441\u043f\u043e\u0441\u043e\u0431\u043d\u044b\u0439 \u043f\u043e\u043a\u043e\u0440\u0438\u0442\u044c \u043b\u044e\u0431\u043e\u0433\u043e.", "order": 5, "logo": "manufacturers/vergy.jpg", "slug": "vergy", "name": "Vergy"}}, {"pk": 7, "model": "myshop.manufacturer", "fields": {"meta_description": "", "service_center": false, "meta_keywords": "", "description": "\u0422\u043e\u0440\u0433\u043e\u0432\u0430\u044f \u043c\u0430\u0440\u043a\u0430 \"Ritchy\" \u0432\u044b\u043f\u0443\u0441\u043a\u0430\u0435\u0442 \u044d\u043b\u0435\u043a\u0442\u0440\u043e\u043d\u043d\u044b\u0435 \u0441\u0438\u0433\u0430\u0440\u0435\u0442\u044b \u0434\u0432\u0443\u0445 \u0432\u0438\u0434\u043e\u0432 \u0432 \u0446\u0435\u043d\u043e\u0432\u043e\u0439 \u043a\u0430\u0442\u0435\u0433\u043e\u0440\u0438\u0438 \u0434\u043e 3000.\r\n\r\n\u042d\u0442\u0430 \u043a\u043e\u043c\u043f\u0430\u043d\u0438\u044f \u043f\u0440\u0435\u0434\u043b\u0430\u0433\u0430\u0435\u0442 \u0433\u0430\u0440\u0430\u043d\u0442\u0438\u0439\u043d\u043e\u0435 \u043e\u0431\u0441\u043b\u0443\u0436\u0438\u0432\u0430\u043d\u0438\u044f \u0438 \u0431\u043e\u0433\u0430\u0442\u044b\u0439 \u0432\u044b\u0431\u043e\u0440 \u0444\u0438\u0440\u043c\u0435\u043d\u043d\u044b\u0445 \u043a\u0430\u0440\u0442\u0440\u0438\u0434\u0436\u0435\u0439 \u0440\u0430\u0437\u043d\u044b\u0445 \u0432\u043a\u0443\u0441\u043e\u0432. \u0412\u0441\u0435 \u043c\u043e\u0434\u0435\u043b\u0438 \u0441\u043d\u0430\u0431\u0436\u0435\u043d\u044b \u0441\u043f\u0435\u0446\u0438\u0430\u043b\u044c\u043d\u044b\u043c \u0447\u0435\u0445\u043b\u043e\u043c \u0438 \u0437\u0430\u0440\u044f\u0434\u043d\u044b\u043c \u0443\u0441\u0442\u0440\u043e\u0439\u0441\u0442\u0432\u043e\u043c USB.", "order": 6, "logo": "manufacturers/ritchy.jpg", "slug": "ritchy", "name": "Ritchy"}}, {"pk": 8, "model": "myshop.manufacturer", "fields": {"meta_description": "", "service_center": false, "meta_keywords": "", "description": "\u0422\u043e\u0440\u0433\u043e\u0432\u0430\u044f \u043c\u0430\u0440\u043a\u0430\"Vogue\" \u043f\u0440\u0435\u0434\u043b\u0430\u0433\u0430\u0435\u0442 \u0431\u044e\u0434\u0436\u0435\u0442\u043d\u044b\u0439 \u0432\u0430\u0440\u0438\u0430\u043d\u0442 \u044d\u043b\u0435\u043a\u0442\u0440\u043e\u043d\u043d\u043e\u0439 \u0441\u0438\u0433\u0430\u0440\u0435\u0442\u044b. \u042d\u0442\u043e \u043f\u0440\u043e\u0441\u0442\u043e\u0439 \u0438 \u043d\u0435\u0434\u043e\u0440\u043e\u0433\u043e\u0439 \u0441\u043f\u043e\u0441\u043e\u0431 \u043f\u043e\u0437\u043d\u0430\u043a\u043e\u043c\u0438\u0442\u0441\u044f \u0441 \u043d\u043e\u0432\u043e\u0439 \u0431\u043e\u043b\u0435\u0435 \u0431\u0435\u0437\u043e\u043f\u0430\u0441\u043d\u043e\u0439 \u0442\u0435\u0445\u043d\u043e\u043b\u043e\u0433\u0438\u0435\u0439 \u043a\u0443\u0440\u0435\u043d\u0438\u044f. \u0421\u0442\u0430\u0440\u0442\u043e\u0432\u044b\u0439 \u043a\u043e\u043c\u043f\u043b\u0435\u043a\u0442 \u0432\u043a\u043b\u044e\u0447\u0430\u0435\u0442 \u0432 \u0441\u0435\u0431\u044f \u0432\u0441\u0435 \u043d\u0435\u043e\u0431\u0445\u043e\u0434\u0438\u043c\u043e\u0435 \u0434\u043b\u044f \u043d\u0430\u0447\u0430\u043b\u0430 \u0438\u0441\u043f\u043e\u043b\u044c\u0437\u043e\u0432\u0430\u043d\u0438\u044f \u044d\u0442\u043e\u0433\u043e \u044d\u043b\u0435\u043a\u0442\u0440\u043e\u043d\u043d\u043e\u0433\u043e \u0443\u0441\u0442\u0440\u043e\u0439\u0441\u0442\u0432\u0430.", "order": 7, "logo": "manufacturers/vogue.jpg", "slug": "vogue", "name": "Vogue"}}, {"pk": 9, "model": "myshop.manufacturer", "fields": {"meta_description": "", "service_center": false, "meta_keywords": "", "description": "\u0422\u043e\u0440\u0433\u043e\u0432\u0430\u044f \u043c\u0430\u0440\u043a\u0430 \"Orange\" - \u043d\u043e\u0432\u0438\u043d\u043a\u0430 \u043d\u043e \u0440\u043e\u0441\u0441\u0438\u0439\u0441\u043a\u043e\u043c \u0440\u044b\u043d\u043a\u0435. \u042d\u0442\u0430 \u043a\u043e\u043c\u043f\u0430\u043d\u0438\u044f \u043f\u0440\u0435\u0434\u043b\u0430\u0433\u0430\u0435\u0442 \u044d\u043b\u0435\u043a\u0442\u0440\u043e\u043d\u043d\u0443\u044e \u0441\u0438\u0433\u0430\u0440\u0435\u0442\u0443 \u043d\u043e\u0432\u043e\u0433\u043e \u043f\u043e\u043a\u043e\u043b\u0435\u043d\u0438\u044f \u043f\u043e \u0434\u043e\u0441\u0442\u0443\u043f\u043d\u043e\u0439 \u0446\u0435\u043d\u0435. \u041e\u0442\u043b\u0438\u0447\u0438\u0442\u0435\u043b\u044c\u043d\u043e\u0439 \u043e\u0441\u043e\u0431\u0435\u043d\u043d\u043e\u0441\u0442\u044c\u044e \u044d\u0442\u043e\u0433\u043e \u043b\u043e\u0442\u0430 \u044f\u0432\u043b\u044f\u0435\u0442\u0441\u044f \u043f\u043e\u0432\u044b\u0448\u0435\u043d\u043d\u0430\u044f \u0435\u043c\u043a\u043e\u0441\u0442\u044c \u043a\u0430\u0440\u0442\u043e\u043c\u0430\u0439\u0437\u0435\u0440\u0430.\r\n\r\n\u0421\u0442\u0430\u0440\u0442\u043e\u0432\u044b\u0439 \u043a\u043e\u043c\u043f\u043b\u0435\u043a\u0442 \u0432\u043a\u043b\u044e\u0447\u0430\u0435\u0442 \u0432 \u0441\u0435\u0431\u044f \u0432\u0441\u0435 \u043d\u0435\u043e\u0431\u0445\u043e\u0434\u0438\u043c\u043e\u0435 \u0434\u043b\u044f \u043d\u0430\u0447\u0430\u043b\u0430 \u0438\u0441\u043f\u043e\u043b\u044c\u0437\u043e\u0432\u0430\u043d\u0438\u044f \u044d\u0442\u043e\u0433\u043e \u044d\u043b\u0435\u043a\u0442\u0440\u043e\u043d\u043d\u043e\u0433\u043e \u0443\u0441\u0442\u0440\u043e\u0439\u0441\u0442\u0432\u0430.", "order": 8, "logo": "manufacturers/orange.jpg", "slug": "orange", "name": "Orange"}}, {"pk": 10, "model": "myshop.manufacturer", "fields": {"meta_description": "", "service_center": false, "meta_keywords": "", "description": "\u0422\u043e\u0440\u0433\u043e\u0432\u0430\u044f \u043c\u0430\u0440\u043a\u0430 \"Pons\" \u043f\u0440\u0435\u0434\u043b\u0430\u0433\u0430\u0435\u0442 \u044d\u043b\u0435\u043a\u0442\u0440\u043e\u043d\u043d\u044b\u0435 \u0441\u0438\u0433\u0430\u0440\u0435\u0442\u044b \u0441\u0440\u0435\u0434\u043d\u0435\u0439 \u0446\u0435\u043d\u043e\u0432\u043e\u0439 \u043a\u0430\u0442\u0435\u0433\u043e\u0440\u0438\u0438. \u042d\u0442\u043e \u043f\u0440\u043e\u0441\u0442\u043e\u0439 \u0438 \u043d\u0435\u0434\u043e\u0440\u043e\u0433\u043e\u0439 \u0441\u043f\u043e\u0441\u043e\u0431 \u043f\u043e\u0437\u043d\u0430\u043a\u043e\u043c\u0438\u0442\u0441\u044f \u0441 \u043d\u043e\u0432\u043e\u0439 \u0441\u043e\u0432\u0440\u0435\u043c\u0435\u043d\u043d\u043e\u0439 \u0442\u0435\u0445\u043d\u043e\u043b\u043e\u0433\u0438\u0435\u0439 \u043a\u0443\u0440\u0435\u043d\u0438\u044f. \r\n\r\n\u041e\u0442\u043b\u0438\u0447\u0438\u0442\u0435\u043b\u044c\u043d\u043e\u0439 \u043e\u0441\u043e\u0431\u0435\u043d\u043d\u043e\u0441\u0442\u044c\u044e \u0441\u0438\u0433\u0430\u0440\u0435\u0442 \u044d\u0442\u043e\u0439 \u043c\u0430\u0440\u043a\u0438 \u044f\u0432\u043b\u044f\u0435\u0442\u0441\u044f \u043a\u043e\u043c\u043f\u0430\u043a\u0442\u043d\u044b\u0435 \u0440\u0430\u0437\u043c\u0435\u0440\u044b. \u041d\u0430\u0431\u043e\u0440\u044b \"Pons\" \u0441\u043e\u0434\u0435\u0440\u0436\u0430\u0442 \u0432\u0441\u0435 \u043d\u0435\u043e\u0431\u0445\u043e\u0434\u0438\u043c\u043e\u0435 \u0434\u043b\u044f \u043d\u0430\u0447\u0430\u043b\u0430 \u0438\u0441\u043f\u043e\u043b\u044c\u0437\u043e\u0432\u0430\u043d\u0438\u044f \u044d\u0442\u043e\u0433\u043e \u044d\u043b\u0435\u043a\u0442\u0440\u043e\u043d\u043d\u043e\u0433\u043e \u0443\u0441\u0442\u0440\u043e\u0439\u0441\u0442\u0432\u0430.", "order": 9, "logo": "manufacturers/pons.jpg", "slug": "pons", "name": "Pons"}}, {"pk": 1, "model": "myshop.flavour", "fields": {"meta_description": "", "meta_keywords": "", "description": "", "order": 1, "logo": "flavours/apple.jpg", "slug": "apple", "name": "\u042f\u0431\u043b\u043e\u043a\u043e"}}, {"pk": 2, "model": "myshop.flavour", "fields": {"meta_description": "", "meta_keywords": "", "description": "", "order": 2, "logo": "flavours/myata.jpg", "slug": "mint", "name": "\u041c\u044f\u0442\u0430"}}, {"pk": 3, "model": "myshop.flavour", "fields": {"meta_description": "", "meta_keywords": "", "description": "", "order": 2, "logo": "flavours/cerri.jpg", "slug": "cherry", "name": "\u0412\u0438\u0448\u043d\u044f"}}, {"pk": 4, "model": "myshop.flavour", "fields": {"meta_description": "", "meta_keywords": "", "description": "", "order": 3, "logo": "flavours/dunhill.jpg", "slug": "dunhill", "name": "Dunhill"}}, {"pk": 5, "model": "myshop.flavour", "fields": {"meta_description": "", "meta_keywords": "", "description": "", "order": 4, "logo": "flavours/marlboro.jpg", "slug": "marlboro", "name": "Marlboro"}}, {"pk": 6, "model": "myshop.flavour", "fields": {"meta_description": "", "meta_keywords": "", "description": "", "order": 5, "logo": "flavours/virginia.jpg", "slug": "virginia", "name": "Virginia"}}, {"pk": 7, "model": "myshop.flavour", "fields": {"meta_description": "", "meta_keywords": "", "description": "", "order": 6, "logo": "flavours/coffee.jpg", "slug": "coffee", "name": "\u041a\u043e\u0444\u0435"}}, {"pk": 8, "model": "myshop.flavour", "fields": {"meta_description": "", "meta_keywords": "", "description": "", "order": 7, "logo": "flavours/tobacco.jpg", "slug": "tobacco", "name": "\u0422\u0430\u0431\u0430\u043a"}}, {"pk": 9, "model": "myshop.flavour", "fields": {"meta_description": "", "meta_keywords": "", "description": "", "order": 7, "logo": "flavours/choco.jpg", "slug": "chocolate", "name": "\u0428\u043e\u043a\u043e\u043b\u0430\u0434"}}, {"pk": 10, "model": "myshop.flavour", "fields": {"meta_description": "", "meta_keywords": "", "description": "", "order": 8, "logo": "flavours/banan.jpg", "slug": "banana", "name": "\u0411\u0430\u043d\u0430\u043d"}}, {"pk": 11, "model": "myshop.flavour", "fields": {"meta_description": "", "meta_keywords": "", "description": "", "order": 9, "logo": "flavours/vanil.jpg", "slug": "vanilla", "name": "\u0412\u0430\u043d\u0438\u043b\u044c"}}, {"pk": 1, "model": "myshop.cartridge", "fields": {"meta_description": "", "flavours": [2, 3, 4, 5, 6, 7, 8], "meta_keywords": "", "description": "\u041e\u043f\u0438\u0441\u0430\u043d\u0438\u0435 \u043a\u0430\u0440\u0442\u0440\u0438\u0434\u0436\u0430.\r\n\u0445\u0437 \u0447\u0442\u043e \u0442\u0443\u0442 \u043c\u043e\u0436\u043d\u043e \u043d\u0430\u043f\u0438\u0441\u0430\u0442\u044c."}}, {"pk": 1, "model": "myshop.cartridgeimage", "fields": {"src": "cartridgeimages/royal.jpg", "alt": "\u041a\u0430\u0440\u0442\u0440\u0438\u0434\u0436 \u0434\u043b\u044f Perfectsmoke Royal", "cartridge": 1}}, {"pk": 2, "model": "myshop.cigarette", "fields": {"meta_description": "", "diameter": 12, "meta_keywords": "", "description": "PS \"Royal\" - \u044d\u0442\u043e \u043f\u043e\u0434\u043b\u0438\u043d\u043d\u043e\u0435 \u0444\u0440\u0430\u043d\u0446\u0443\u0437\u0441\u043a\u043e\u0435 \u043a\u0430\u0447\u0435\u0441\u0442\u0432\u043e. \u041a\u0430\u0447\u0435\u0441\u0442\u0432\u0435\u043d\u043d\u044b\u0435 \u043c\u0430\u0442\u0435\u0440\u0438\u0430\u043b\u044b, \u043f\u0435\u0440\u0435\u0434\u043e\u0432\u044b\u0435 \u0442\u0435\u0445\u043d\u043e\u043b\u043e\u0433\u0438\u0438, \u0431\u043e\u0433\u0430\u0442\u0430\u044f \u043a\u043e\u043c\u043f\u043b\u0435\u043a\u0442\u0430\u0446\u0438\u044f - \u0432\u0441\u0435 \u044d\u0442\u043e \u0433\u0430\u0440\u0430\u043d\u0442 \u043d\u0430\u0434\u0435\u0436\u043d\u043e\u0441\u0442\u0438 \u0438 \u043f\u043e\u043f\u0443\u043b\u044f\u0440\u043d\u043e\u0441\u0442\u0438 \u044d\u043b\u0435\u043a\u0442\u0440\u043e\u043d\u043d\u044b\u0445 \u0441\u0438\u0433\u0430\u0440\u0435\u0442 \"Royal\".\r\n\r\n\u041f\u0440\u0438\u043e\u0431\u0440\u0435\u0442\u0430\u044f PS \"Royal\", \u0412\u044b \u043f\u043e\u043b\u0443\u0447\u0430\u0435\u0442\u0435:\r\n\r\n- 2 \u0441\u0438\u0433\u0430\u0440\u0435\u0442\u044b (\u0430\u043a\u043a\u0443\u043c\u0443\u043b\u044f\u0442\u043e\u0440\u044b);\r\n- \u0437\u0430\u0440\u044f\u0434\u043d\u043e\u0435 \u0443\u0441\u0442\u0440\u043e\u0439\u0441\u0442\u0432\u043e \u043e\u0442 \u0441\u0435\u0442\u0438 220\u0412;\r\n- 6 \u0441\u043c\u0435\u043d\u043d\u044b\u0445 \u043a\u0430\u0440\u0442\u0430\u043c\u0430\u0439\u0437\u0435\u0440\u043e\u0432;\r\n- \u0438\u043d\u0441\u0442\u0440\u0443\u043a\u0446\u0438\u044f \u043d\u0430 \u0440\u0443\u0441\u0441\u043a\u043e\u043c \u0438 \u0430\u043d\u0433\u043b\u0438\u0439\u0441\u043a\u043e\u043c \u044f\u0437\u044b\u043a\u0435;\r\n- \u043d\u0430 \u0432\u044b\u0431\u043e\u0440 \u0432 \u0431\u0435\u043b\u043e\u043c \u0438 \u0447\u0435\u0440\u043d\u043e\u043c \u0438\u0441\u043f\u043e\u043b\u043d\u0435\u043d\u0438\u0438;", "default_flavour": 3, "cartridge": 1, "conditional_number": 30, "full_recharge": "2-3 \u0447\u0430\u0441\u0430", "weight": 20, "discount": "200", "length": 12, "battery_capacity": 600, "rating_score": 3, "rating_votes": 1, "color": "\u0447\u0435\u0440\u043d\u044b\u0439 \u0438\u043b\u0438 \u0431\u0435\u043b\u044b\u0439", "manufacturer": 1}}, {"pk": 1, "model": "myshop.cigaretteimage", "fields": {"src": "cigaretteimages/royal2.jpg", "alt": "\u044d\u043b\u0435\u043a\u0442\u0440\u043e\u043d\u043d\u0430\u044f \u0441\u0438\u0433\u0430\u0440\u0435\u0442\u0430 PS Royal", "cigarette": 2}}, {"pk": 2, "model": "myshop.cigaretteimage", "fields": {"src": "cigaretteimages/royal3.jpg", "alt": "\u043a\u0443\u043f\u0438\u0442\u044c perfectsmoke royal", "cigarette": 2}}, {"pk": 3, "model": "myshop.accessory", "fields": {"meta_description": "", "meta_keywords": "", "description": "\u041e\u043f\u0438\u0441\u0430\u043d\u0438\u0435 \u0447\u0435\u0445\u043b\u0430", "related_cigarettes": [2]}}, {"pk": 1, "model": "myshop.accessoryimage", "fields": {"src": "accessoryimages/man2.jpg", "alt": "\u0447\u0435\u0445\u043e\u043b \u0434\u043b\u044f \u044d\u043b\u0435\u043a\u0442\u0440\u043e\u043d\u043d\u043e\u0439 \u0441\u0438\u0433\u0430\u0440\u0435\u0442\u044b", "accessory": 3}}, {"pk": 1, "model": "address.address", "fields": {"name": "\u0418\u043c\u044f", "user_shipping": 2, "phone": "89067151725", "address": "", "user_billing": 2, "email": "va.bolshakov@gmail.com"}}, {"pk": 1, "model": "articles.article", "fields": {"meta_description": "", "meta_keywords": "", "description": "\u042d\u043b\u0435\u043a\u0442\u0440\u043e\u043d\u043d\u044b\u0435 \u0441\u0438\u0433\u0430\u0440\u0435\u0442\u044b \u0431\u044b\u043b\u0438 \u0438\u0437\u043e\u0431\u0440\u0435\u0442\u0435\u043d\u044b \u043a\u0438\u0442\u0430\u0439\u0441\u043a\u0438\u043c \u0443\u0447\u0435\u043d\u044b\u043c \u043f\u043e \u0438\u043c\u0435\u043d\u0438 \u0425\u043e\u043d \u041b\u0438\u043a, \u0440\u0430\u0431\u043e\u0442\u0430\u044e\u0449\u0438\u043c \u0432 \u044d\u043b\u0435\u043a\u0442\u0440\u043e\u043d\u043d\u043e\u0439 \u043a\u043e\u043c\u043f\u0430\u043d\u0438\u0438 Ruyan \u0432 \u041f\u0435\u043a\u0438\u043d\u0435, \u043f\u0438\u0448\u0435\u0442 \u0422\u043e\u043c\u0441\u043e\u043d. \u041f\u0435\u0440\u0432\u044b\u0435 \u043e\u0431\u0440\u0430\u0437\u0446\u044b \u043f\u043e\u0441\u0442\u0443\u043f\u0438\u043b\u0438 \u0432 \u043f\u0440\u043e\u0434\u0430\u0436\u0443 \u0432 \u043c\u0430\u0435 2004 \u0433\u043e\u0434\u0430, \u0438 \u0441 \u0442\u0435\u0445 \u043f\u043e\u0440 \u0438\u0445 \u043f\u043e\u043f\u0443\u043b\u044f\u0440\u043d\u043e\u0441\u0442\u044c \u0440\u0430\u0441\u0442\u0435\u0442. \u0422\u0430\u043a, \u043f\u043e \u0434\u0430\u043d\u043d\u044b\u043c Ruyan, \u0432 2008 \u0433\u043e\u0434\u0443 \u043a\u043e\u043c\u043f\u0430\u043d\u0438\u0438 \u0443\u0434\u0430\u043b\u043e\u0441\u044c \u043f\u0440\u043e\u0434\u0430\u0442\u044c \u043f\u043e\u0440\u044f\u0434\u043a\u0430 300 \u0442\u044b\u0441\u044f\u0447 \u044d\u043b\u0435\u043a\u0442\u0440\u043e\u043d\u043d\u044b\u0445 \u0441\u0438\u0433\u0430\u0440\u0435\u0442. \u041f\u043e \u0441\u043b\u043e\u0432\u0430\u043c \u043f\u0440\u0435\u0434\u0441\u0442\u0430\u0432\u0438\u0442\u0435\u043b\u044f \u0431\u0440\u0438\u0442\u0430\u043d\u0441\u043a\u043e\u0433\u043e \u0434\u0438\u0441\u0442\u0440\u0438\u0431\u044c\u044e\u0442\u043e\u0440\u0430 Smart Smokers, \u043f\u0440\u043e\u0434\u0430\u0436\u0438 \u0441\u0442\u0440\u0435\u043c\u0438\u0442\u0435\u043b\u044c\u043d\u043e \u0440\u0430\u0441\u0442\u0443\u0442. \u0410 \u0432 \u0421\u0428\u0410 \u043f\u043e\u043f\u0443\u043b\u044f\u0440\u043d\u043e\u0435 \u0442\u0435\u043b\u0435\u0448\u043e\u0443 The Doctors \u0432 \u043f\u0440\u043e\u0448\u043b\u043e\u043c \u0433\u043e\u0434\u0443 \u043e\u0442\u043c\u0435\u0442\u0438\u043b\u043e \u044d\u0442\u0443 \u043d\u043e\u0432\u0438\u043d\u043a\u0443 \u043a\u0430\u043a \u043e\u0434\u043d\u0443 \u0438\u0437 \u0434\u0435\u0441\u044f\u0442\u0438 \u0432\u0430\u0436\u043d\u0435\u0439\u0448\u0438\u0445 \u0442\u0435\u043d\u0434\u0435\u043d\u0446\u0438\u0439 \u0433\u043e\u0434\u0430 \u0432 \u043e\u0431\u043b\u0430\u0441\u0442\u0438 \u0437\u0434\u0440\u0430\u0432\u043e\u043e\u0445\u0440\u0430\u043d\u0435\u043d\u0438\u044f.\r\n\r\n\u0421\u0430\u043c\u043e \u043f\u043e \u0441\u0435\u0431\u0435 \u0443\u0441\u0442\u0440\u043e\u0439\u0441\u0442\u0432\u043e \u0434\u043e\u0432\u043e\u043b\u044c\u0441\u0442\u0432\u043e \u043f\u0440\u043e\u0441\u0442\u043e \u0438 \u043f\u043e \u0432\u043d\u0435\u0448\u043d\u0435\u043c\u0443 \u0432\u0438\u0434\u0443 \u043d\u0430\u043f\u043e\u043c\u0438\u043d\u0430\u0435\u0442 \u043e\u0431\u044b\u0447\u043d\u0443\u044e \u0441\u0438\u0433\u0430\u0440\u0435\u0442\u0443, \u0442\u043e\u043b\u044c\u043a\u043e \u0435\u0435 \u0431\u043e\u043b\u044c\u0448\u0443\u044e \u0447\u0430\u0441\u0442\u044c \u0441\u043e\u0441\u0442\u0430\u0432\u043b\u044f\u0435\u0442 \u043d\u0435 \u0442\u0430\u0431\u0430\u043a, \u0430 \u0431\u0430\u0442\u0430\u0440\u0435\u0439\u043a\u0430 \u0438 \u0441\u0432\u0435\u0442\u043e\u0434\u0438\u043e\u0434, \u043a\u043e\u0442\u043e\u0440\u044b\u0439 \u0437\u0430\u0433\u043e\u0440\u0430\u0435\u0442\u0441\u044f \u043a\u0440\u0430\u0441\u043d\u044b\u043c \u0438 \u0438\u043c\u0438\u0442\u0438\u0440\u0443\u0435\u0442 \u0433\u043e\u0440\u0435\u043d\u0438\u0435 \u0441\u0438\u0433\u0430\u0440\u0435\u0442\u044b, \u043e\u0442\u043c\u0435\u0447\u0430\u0435\u0442 \u0436\u0443\u0440\u043d\u0430\u043b\u0438\u0441\u0442\u043a\u0430. \u0412 \u0441\u043c\u0435\u043d\u043d\u043e\u043c \u0444\u0438\u043b\u044c\u0442\u0440\u0435 \u0441\u043e\u0434\u0435\u0440\u0436\u0438\u0442\u0441\u044f \u0441\u0442\u043e\u043b\u044c\u043a\u043e \u0436\u0435 \u043d\u0438\u043a\u043e\u0442\u0438\u043d\u0430, \u0441\u043a\u043e\u043b\u044c\u043a\u043e \u0438 \u0432 \u043e\u0431\u044b\u0447\u043d\u043e\u0439 \u0441\u0438\u0433\u0430\u0440\u0435\u0442\u0435, \u0441 \u0442\u043e\u0439 \u043b\u0438\u0448\u044c \u0440\u0430\u0437\u043d\u0438\u0446\u0435\u0439, \u0447\u0442\u043e \u044d\u043b\u0435\u043a\u0442\u0440\u043e\u043d\u043d\u043e\u0439 \u0441\u0438\u0433\u0430\u0440\u0435\u0442\u044b \u0445\u0432\u0430\u0442\u0438\u0442 \u0432 \u0441\u0440\u0435\u0434\u043d\u0435\u043c \u043d\u0430 \u0442\u0440\u0438\u0441\u0442\u0430 \u0437\u0430\u0442\u044f\u0436\u0435\u043a - \u0432\u043e \u0432\u0440\u0435\u043c\u044f \u0437\u0430\u0442\u044f\u0436\u043a\u0438 \u0441\u043e\u0437\u0434\u0430\u044e\u0449\u0435\u0435\u0441\u044f \u0434\u0430\u0432\u043b\u0435\u043d\u0438\u0435 \u0437\u0430\u043f\u0443\u0441\u043a\u0430\u0435\u0442 \u0441\u0435\u043d\u0441\u043e\u0440\u043d\u044b\u0435 \u0434\u0430\u0442\u0447\u0438\u043a\u0438 \u0432 \"\u0444\u0438\u043b\u044c\u0442\u0440\u0435\", \u0432 \u0440\u0435\u0437\u0443\u043b\u044c\u0442\u0430\u0442\u0435 \u0447\u0435\u0433\u043e \u043e\u0442\u0442\u0443\u0434\u0430 \u0432\u044b\u043f\u0430\u0440\u0438\u0432\u0430\u0435\u0442\u0441\u044f \u0433\u0430\u0437\u043e\u043e\u0431\u0440\u0430\u0437\u043d\u044b\u0439 \u043d\u0438\u043a\u043e\u0442\u0438\u043d. \u041f\u043e\u044d\u0442\u043e\u043c\u0443, \u043a\u0430\u043a \u0441\u0447\u0438\u0442\u0430\u0435\u0442\u0441\u044f, \u044d\u0442\u0438 \u0441\u0438\u0433\u0430\u0440\u0435\u0442\u044b \u043d\u0435 \u043e\u043f\u0430\u0441\u043d\u044b \u0432 \u043f\u043b\u0430\u043d\u0435 \u043f\u0430\u0441\u0441\u0438\u0432\u043d\u043e\u0433\u043e \u043a\u0443\u0440\u0435\u043d\u0438\u044f. \u0421\u043e\u043e\u0431\u0449\u0430\u0435\u0442\u0441\u044f \u0442\u0430\u043a\u0436\u0435, \u0447\u0442\u043e \u0441\u0442\u043e\u0438\u043c\u043e\u0441\u0442\u044c \u0442\u0430\u043a\u043e\u0433\u043e \u0441\u043c\u0435\u043d\u043d\u043e\u0433\u043e \u0444\u0438\u043b\u044c\u0442\u0440\u0430 \u0441\u043e\u0441\u0442\u0430\u0432\u043b\u044f\u0435\u0442 1,5 \u0434\u043e\u043b\u043b\u0430\u0440\u0430.\r\n\r\n\u0422\u0435\u043c \u043d\u0435 \u043c\u0435\u043d\u0435\u0435, \u0434\u0430\u0436\u0435 \u0441\u0430\u043c\u044b\u0439 \u0441\u0438\u043b\u044c\u043d\u044b\u0439 \u043a\u0430\u0440\u0442\u0440\u0438\u0434\u0436 \u043f\u043e\u0437\u0432\u043e\u043b\u044f\u0435\u0442 \u0432\u0434\u043e\u0445\u043d\u0443\u0442\u044c \u0432\u0442\u0440\u043e\u0435 \u043c\u0435\u043d\u044c\u0448\u0435 \u043d\u0438\u043a\u043e\u0442\u0438\u043d\u0430, \u0447\u0435\u043c \u043f\u0440\u0438 \u043e\u0431\u044b\u0447\u043d\u043e\u0439 \u0437\u0430\u0442\u044f\u0436\u043a\u0435, \u0441\u043e\u043e\u0431\u0449\u0430\u0435\u0442 \u043d\u043e\u0432\u043e\u0437\u0435\u043b\u0430\u043d\u0434\u0441\u043a\u0438\u0439 \u0443\u0447\u0435\u043d\u044b\u0439 \u041c\u044e\u0440\u0440\u0435\u0439 \u041b\u043e\u0433\u0441\u0435\u043d. \u041e\u043d \u0441 2007 \u0433\u043e\u0434\u0430 \u043f\u0440\u0438 \u043f\u043e\u0434\u0434\u0435\u0440\u0436\u043a\u0435 \u0412\u041e\u0417 \u0438 \u043a\u043e\u043c\u043f\u0430\u043d\u0438\u0438 Ruyan \u0438\u0437\u0443\u0447\u0430\u0435\u0442 \u0432\u043e\u0437\u0434\u0435\u0439\u0441\u0442\u0432\u0438\u0435 \u044d\u043b\u0435\u043a\u0442\u0440\u043e\u043d\u043d\u044b\u0445 \u0441\u0438\u0433\u0430\u0440\u0435\u0442 \u043d\u0430 \u043e\u0440\u0433\u0430\u043d\u0438\u0437\u043c \u0447\u0435\u043b\u043e\u0432\u0435\u043a\u0430. \u0412 \u0446\u0435\u043b\u043e\u043c, \u043f\u0440\u0435\u0434\u0432\u0430\u0440\u0438\u0442\u0435\u043b\u044c\u043d\u044b\u0435 \u0440\u0435\u0437\u0443\u043b\u044c\u0442\u0430\u0442\u044b \u043f\u043e\u043b\u043e\u0436\u0438\u0442\u0435\u043b\u044c\u043d\u044b\u0435: \u0435\u0441\u043b\u0438 \u043d\u0438\u043a\u043e\u0442\u0438\u043d \u0438\u0437\u0432\u043b\u0435\u043a\u0430\u0435\u0442\u0441\u044f \u043d\u0435 \u0438\u0437 \u0442\u0430\u0431\u0430\u043a\u0430, \u0442\u043e \u043a\u0430\u043d\u0446\u0435\u0440\u043e\u0433\u0435\u043d\u043e\u0432 \u043f\u0440\u0430\u043a\u0442\u0438\u0447\u0435\u0441\u043a\u0438 \u043d\u0435\u0442. \u0422\u0435\u043c \u043d\u0435 \u043c\u0435\u043d\u0435\u0435 \u0432 \u0441\u0435\u043d\u0442\u044f\u0431\u0440\u0435 \u043f\u0440\u043e\u0448\u043b\u043e\u0433\u043e \u0433\u043e\u0434\u0430 \u0412\u041e\u0417 \u043f\u0440\u0438\u0437\u0432\u0430\u043b\u0430 \u0437\u0430\u043f\u0440\u0435\u0442\u0438\u0442\u044c \u044d\u043b\u0435\u043a\u0442\u0440\u043e\u043d\u043d\u044b\u0435 \u0441\u0438\u0433\u0430\u0440\u0435\u0442\u044b \u0434\u043e \u0442\u0435\u0445 \u043f\u043e\u0440, \u043f\u043e\u043a\u0430 \u043d\u0435 \u0431\u0443\u0434\u0435\u0442 \u0434\u043e\u043a\u0430\u0437\u0430\u043d\u0430 \u0438\u0445 \u0431\u0435\u0437\u043e\u043f\u0430\u0441\u043d\u043e\u0441\u0442\u044c \u0434\u043b\u044f \u0437\u0434\u043e\u0440\u043e\u0432\u044c\u044f. \u0421\u043e\u043e\u0431\u0449\u0430\u0435\u0442\u0441\u044f, \u0447\u0442\u043e \u0440\u0435\u0430\u043a\u0446\u0438\u044e \u0432\u044b\u0437\u0432\u0430\u043b\u0430 \u0440\u0435\u043a\u043b\u0430\u043c\u0430 \u043d\u0435\u043a\u043e\u0442\u043e\u0440\u044b\u0445 \u043f\u0440\u043e\u0434\u0430\u0432\u0446\u043e\u0432: \u043e\u043d\u0438 \u0443\u0442\u0432\u0435\u0440\u0436\u0434\u0430\u043b\u0438, \u0447\u0442\u043e \u0412\u041e\u0417 \u043e\u0434\u043e\u0431\u0440\u0438\u043b\u0430 \u044d\u0442\u0438 \u0441\u0438\u0433\u0430\u0440\u0435\u0442\u044b \u043a\u0430\u043a \u043f\u043e\u0437\u0432\u043e\u043b\u044f\u044e\u0449\u0438\u0435 \u0438\u0437\u0431\u0430\u0432\u0438\u0442\u044c\u0441\u044f \u043e\u0442 \u0437\u0430\u0432\u0438\u0441\u0438\u043c\u043e\u0441\u0442\u0438. \r\nhttp://www.in\u043epressa.ru", "title": "\u042d\u043b\u0435\u043a\u0442\u0440\u043e\u043d\u043d\u044b\u0435 \u0441\u0438\u0433\u0430\u0440\u0435\u0442\u044b: \u0431\u0435\u0437\u043e\u043f\u0430\u0441\u043d\u0430\u044f \u0437\u0430\u043c\u0435\u043d\u0430?", "short_text": "\u0416\u0443\u0440\u043d\u0430\u043b\u0438\u0441\u0442\u043a\u0430 New Scientist \u0425\u0435\u043b\u0435\u043d \u0422\u043e\u043c\u0441\u043e\u043d \u043f\u043e\u0441\u0432\u044f\u0442\u0438\u043b\u0430 \u0441\u0432\u043e\u044e \u0441\u0442\u0430\u0442\u044c\u044e \u043d\u0430\u0431\u0438\u0440\u0430\u044e\u0449\u0438\u043c \u043f\u043e\u043f\u0443\u043b\u044f\u0440\u043d\u043e\u0441\u0442\u044c \u0432 \u0437\u0430\u043f\u0430\u0434\u043d\u044b\u0445 \u0441\u0442\u0440\u0430\u043d\u0430\u0445 \u044d\u043b\u0435\u043a\u0442\u0440\u043e\u043d\u043d\u044b\u043c \u0441\u0438\u0433\u0430\u0440\u0435\u0442\u0430\u043c. \u0422\u0430\u043c, \u0433\u0434\u0435 \u043e\u0431\u0449\u0435\u0441\u0442\u0432\u043e \u0441\u0442\u0430\u043d\u043e\u0432\u0438\u0442\u0441\u044f \u0432\u0441\u0435 \u0431\u043e\u043b\u0435\u0435 \u043d\u0435\u0442\u0435\u0440\u043f\u0438\u043c\u044b\u043c \u043a \u043a\u0443\u0440\u0435\u043d\u0438\u044e \u0432 \u043e\u0431\u0449\u0435\u0441\u0442\u0432\u0435\u043d\u043d\u044b\u0445 \u043c\u0435\u0441\u0442\u0430\u0445, \u043d\u043e\u0432\u044b\u0435 \u0441\u0438\u0433\u0430\u0440\u0435\u0442\u044b, \u043e\u0441\u043d\u043e\u0432\u0430\u043d\u043d\u044b\u0435 \u043d\u0430 \u043f\u0440\u0438\u043d\u0446\u0438\u043f\u0435 \u0438\u043d\u0433\u0430\u043b\u044f\u0442\u043e\u0440\u0430, \u043f\u043e\u043a\u0430 \u043d\u0435 \u0437\u0430\u043f\u0440\u0435\u0449\u0435\u043d\u043e \u0443\u043f\u043e\u0442\u0440\u0435\u0431\u043b\u044f\u0442\u044c \u0432 \u0442\u043e\u043c \u0447\u0438\u0441\u043b\u0435 \u0432 \u0431\u0430\u0440\u0430\u0445 \u0438 \u0440\u0435\u0441\u0442\u043e\u0440\u0430\u043d\u0430\u0445. \u0423\u0447\u0435\u043d\u044b\u0435 \u0442\u0435\u043c \u0432\u0440\u0435\u043c\u0435\u043d\u0435\u043c \u0438\u0441\u0441\u043b\u0435\u0434\u0443\u044e\u0442: \u0434\u0435\u0439\u0441\u0442\u0432\u0438\u0442\u0435\u043b\u044c\u043d\u043e \u043b\u0438, \u043a\u0430\u043a \u0443\u0442\u0432\u0435\u0440\u0436\u0434\u0430\u044e\u0442 \u043f\u0440\u043e\u0438\u0437\u0432\u043e\u0434\u0438\u0442\u0435\u043b\u0438, \u044d\u0442\u0438 \u043d\u043e\u0432\u044b\u0435 \u0441\u0438\u0433\u0430\u0440\u0435\u0442\u044b \u0431\u0435\u0437\u043e\u043f\u0430\u0441\u043d\u0435\u0435 \u0434\u043b\u044f \u0437\u0434\u043e\u0440\u043e\u0432\u044c\u044f \u0438 \u0434\u0430\u0436\u0435 \u0441\u043f\u043e\u0441\u043e\u0431\u043d\u044b \u043f\u043e\u043c\u043e\u0447\u044c \u0438\u0437\u0431\u0430\u0432\u0438\u0442\u044c\u0441\u044f \u043e\u0442 \u043d\u0438\u043a\u043e\u0442\u0438\u043d\u043e\u0432\u043e\u0439 \u0437\u0430\u0432\u0438\u0441\u0438\u043c\u043e\u0441\u0442\u0438?", "slug": "1"}}, {"pk": 64, "model": "auth.permission", "fields": {"codename": "add_address", "name": "Can add Address", "content_type": 22}}, {"pk": 65, "model": "auth.permission", "fields": {"codename": "change_address", "name": "Can change Address", "content_type": 22}}, {"pk": 66, "model": "auth.permission", "fields": {"codename": "delete_address", "name": "Can delete Address", "content_type": 22}}, {"pk": 22, "model": "auth.permission", "fields": {"codename": "add_logentry", "name": "Can add log entry", "content_type": 8}}, {"pk": 23, "model": "auth.permission", "fields": {"codename": "change_logentry", "name": "Can change log entry", "content_type": 8}}, {"pk": 24, "model": "auth.permission", "fields": {"codename": "delete_logentry", "name": "Can delete log entry", "content_type": 8}}, {"pk": 67, "model": "auth.permission", "fields": {"codename": "add_article", "name": "Can add \u0421\u0442\u0430\u0442\u044c\u044f", "content_type": 23}}, {"pk": 68, "model": "auth.permission", "fields": {"codename": "change_article", "name": "Can change \u0421\u0442\u0430\u0442\u044c\u044f", "content_type": 23}}, {"pk": 69, "model": "auth.permission", "fields": {"codename": "delete_article", "name": "Can delete \u0421\u0442\u0430\u0442\u044c\u044f", "content_type": 23}}, {"pk": 4, "model": "auth.permission", "fields": {"codename": "add_group", "name": "Can add group", "content_type": 2}}, {"pk": 5, "model": "auth.permission", "fields": {"codename": "change_group", "name": "Can change group", "content_type": 2}}, {"pk": 6, "model": "auth.permission", "fields": {"codename": "delete_group", "name": "Can delete group", "content_type": 2}}, {"pk": 10, "model": "auth.permission", "fields": {"codename": "add_message", "name": "Can add message", "content_type": 4}}, {"pk": 11, "model": "auth.permission", "fields": {"codename": "change_message", "name": "Can change message", "content_type": 4}}, {"pk": 12, "model": "auth.permission", "fields": {"codename": "delete_message", "name": "Can delete message", "content_type": 4}}, {"pk": 1, "model": "auth.permission", "fields": {"codename": "add_permission", "name": "Can add permission", "content_type": 1}}, {"pk": 2, "model": "auth.permission", "fields": {"codename": "change_permission", "name": "Can change permission", "content_type": 1}}, {"pk": 3, "model": "auth.permission", "fields": {"codename": "delete_permission", "name": "Can delete permission", "content_type": 1}}, {"pk": 7, "model": "auth.permission", "fields": {"codename": "add_user", "name": "Can add user", "content_type": 3}}, {"pk": 8, "model": "auth.permission", "fields": {"codename": "change_user", "name": "Can change user", "content_type": 3}}, {"pk": 9, "model": "auth.permission", "fields": {"codename": "delete_user", "name": "Can delete user", "content_type": 3}}, {"pk": 13, "model": "auth.permission", "fields": {"codename": "add_contenttype", "name": "Can add content type", "content_type": 5}}, {"pk": 14, "model": "auth.permission", "fields": {"codename": "change_contenttype", "name": "Can change content type", "content_type": 5}}, {"pk": 15, "model": "auth.permission", "fields": {"codename": "delete_contenttype", "name": "Can delete content type", "content_type": 5}}, {"pk": 79, "model": "auth.permission", "fields": {"codename": "add_ignoredobject", "name": "Can add ignored object", "content_type": 27}}, {"pk": 80, "model": "auth.permission", "fields": {"codename": "change_ignoredobject", "name": "Can change ignored object", "content_type": 27}}, {"pk": 81, "model": "auth.permission", "fields": {"codename": "delete_ignoredobject", "name": "Can delete ignored object", "content_type": 27}}, {"pk": 73, "model": "auth.permission", "fields": {"codename": "add_score", "name": "Can add score", "content_type": 25}}, {"pk": 74, "model": "auth.permission", "fields": {"codename": "change_score", "name": "Can change score", "content_type": 25}}, {"pk": 75, "model": "auth.permission", "fields": {"codename": "delete_score", "name": "Can delete score", "content_type": 25}}, {"pk": 76, "model": "auth.permission", "fields": {"codename": "add_similaruser", "name": "Can add similar user", "content_type": 26}}, {"pk": 77, "model": "auth.permission", "fields": {"codename": "change_similaruser", "name": "Can change similar user", "content_type": 26}}, {"pk": 78, "model": "auth.permission", "fields": {"codename": "delete_similaruser", "name": "Can delete similar user", "content_type": 26}}, {"pk": 70, "model": "auth.permission", "fields": {"codename": "add_vote", "name": "Can add vote", "content_type": 24}}, {"pk": 71, "model": "auth.permission", "fields": {"codename": "change_vote", "name": "Can change vote", "content_type": 24}}, {"pk": 72, "model": "auth.permission", "fields": {"codename": "delete_vote", "name": "Can delete vote", "content_type": 24}}, {"pk": 124, "model": "auth.permission", "fields": {"codename": "add_feedback", "name": "Can add feedback", "content_type": 42}}, {"pk": 125, "model": "auth.permission", "fields": {"codename": "change_feedback", "name": "Can change feedback", "content_type": 42}}, {"pk": 126, "model": "auth.permission", "fields": {"codename": "delete_feedback", "name": "Can delete feedback", "content_type": 42}}, {"pk": 25, "model": "auth.permission", "fields": {"codename": "add_flatpage", "name": "Can add flat page", "content_type": 9}}, {"pk": 26, "model": "auth.permission", "fields": {"codename": "change_flatpage", "name": "Can change flat page", "content_type": 9}}, {"pk": 27, "model": "auth.permission", "fields": {"codename": "delete_flatpage", "name": "Can delete flat page", "content_type": 9}}, {"pk": 58, "model": "auth.permission", "fields": {"codename": "add_accessory", "name": "Can add \u0410\u043a\u0441\u0435\u0441\u0441\u0443\u0430\u0440", "content_type": 20}}, {"pk": 59, "model": "auth.permission", "fields": {"codename": "change_accessory", "name": "Can change \u0410\u043a\u0441\u0435\u0441\u0441\u0443\u0430\u0440", "content_type": 20}}, {"pk": 60, "model": "auth.permission", "fields": {"codename": "delete_accessory", "name": "Can delete \u0410\u043a\u0441\u0435\u0441\u0441\u0443\u0430\u0440", "content_type": 20}}, {"pk": 61, "model": "auth.permission", "fields": {"codename": "add_accessoryimage", "name": "Can add accessory image", "content_type": 21}}, {"pk": 62, "model": "auth.permission", "fields": {"codename": "change_accessoryimage", "name": "Can change accessory image", "content_type": 21}}, {"pk": 63, "model": "auth.permission", "fields": {"codename": "delete_accessoryimage", "name": "Can delete accessory image", "content_type": 21}}, {"pk": 46, "model": "auth.permission", "fields": {"codename": "add_cartridge", "name": "Can add \u041a\u0430\u0440\u0442\u0440\u0438\u0434\u0436", "content_type": 16}}, {"pk": 47, "model": "auth.permission", "fields": {"codename": "change_cartridge", "name": "Can change \u041a\u0430\u0440\u0442\u0440\u0438\u0434\u0436", "content_type": 16}}, {"pk": 48, "model": "auth.permission", "fields": {"codename": "delete_cartridge", "name": "Can delete \u041a\u0430\u0440\u0442\u0440\u0438\u0434\u0436", "content_type": 16}}, {"pk": 49, "model": "auth.permission", "fields": {"codename": "add_cartridgeimage", "name": "Can add cartridge image", "content_type": 17}}, {"pk": 50, "model": "auth.permission", "fields": {"codename": "change_cartridgeimage", "name": "Can change cartridge image", "content_type": 17}}, {"pk": 51, "model": "auth.permission", "fields": {"codename": "delete_cartridgeimage", "name": "Can delete cartridge image", "content_type": 17}}, {"pk": 52, "model": "auth.permission", "fields": {"codename": "add_cigarette", "name": "Can add \u0421\u0438\u0433\u0430\u0440\u0435\u0442\u0430", "content_type": 18}}, {"pk": 53, "model": "auth.permission", "fields": {"codename": "change_cigarette", "name": "Can change \u0421\u0438\u0433\u0430\u0440\u0435\u0442\u0430", "content_type": 18}}, {"pk": 54, "model": "auth.permission", "fields": {"codename": "delete_cigarette", "name": "Can delete \u0421\u0438\u0433\u0430\u0440\u0435\u0442\u0430", "content_type": 18}}, {"pk": 55, "model": "auth.permission", "fields": {"codename": "add_cigaretteimage", "name": "Can add cigarette image", "content_type": 19}}, {"pk": 56, "model": "auth.permission", "fields": {"codename": "change_cigaretteimage", "name": "Can change cigarette image", "content_type": 19}}, {"pk": 57, "model": "auth.permission", "fields": {"codename": "delete_cigaretteimage", "name": "Can delete cigarette image", "content_type": 19}}, {"pk": 43, "model": "auth.permission", "fields": {"codename": "add_flavour", "name": "Can add \u0412\u043a\u0443\u0441", "content_type": 15}}, {"pk": 44, "model": "auth.permission", "fields": {"codename": "change_flavour", "name": "Can change \u0412\u043a\u0443\u0441", "content_type": 15}}, {"pk": 45, "model": "auth.permission", "fields": {"codename": "delete_flavour", "name": "Can delete \u0412\u043a\u0443\u0441", "content_type": 15}}, {"pk": 40, "model": "auth.permission", "fields": {"codename": "add_manufacturer", "name": "Can add \u041f\u0440\u043e\u0438\u0437\u0432\u043e\u0434\u0438\u0442\u0435\u043b\u044c", "content_type": 14}}, {"pk": 41, "model": "auth.permission", "fields": {"codename": "change_manufacturer", "name": "Can change \u041f\u0440\u043e\u0438\u0437\u0432\u043e\u0434\u0438\u0442\u0435\u043b\u044c", "content_type": 14}}, {"pk": 42, "model": "auth.permission", "fields": {"codename": "delete_manufacturer", "name": "Can delete \u041f\u0440\u043e\u0438\u0437\u0432\u043e\u0434\u0438\u0442\u0435\u043b\u044c", "content_type": 14}}, {"pk": 130, "model": "auth.permission", "fields": {"codename": "add_rule", "name": "Can add rule", "content_type": 44}}, {"pk": 131, "model": "auth.permission", "fields": {"codename": "change_rule", "name": "Can change rule", "content_type": 44}}, {"pk": 132, "model": "auth.permission", "fields": {"codename": "delete_rule", "name": "Can delete rule", "content_type": 44}}, {"pk": 127, "model": "auth.permission", "fields": {"codename": "add_url", "name": "Can add url", "content_type": 43}}, {"pk": 128, "model": "auth.permission", "fields": {"codename": "change_url", "name": "Can change url", "content_type": 43}}, {"pk": 129, "model": "auth.permission", "fields": {"codename": "delete_url", "name": "Can delete url", "content_type": 43}}, {"pk": 16, "model": "auth.permission", "fields": {"codename": "add_session", "name": "Can add session", "content_type": 6}}, {"pk": 17, "model": "auth.permission", "fields": {"codename": "change_session", "name": "Can change session", "content_type": 6}}, {"pk": 18, "model": "auth.permission", "fields": {"codename": "delete_session", "name": "Can delete session", "content_type": 6}}, {"pk": 82, "model": "auth.permission", "fields": {"codename": "add_cart", "name": "Can add Cart", "content_type": 28}}, {"pk": 83, "model": "auth.permission", "fields": {"codename": "change_cart", "name": "Can change Cart", "content_type": 28}}, {"pk": 84, "model": "auth.permission", "fields": {"codename": "delete_cart", "name": "Can delete Cart", "content_type": 28}}, {"pk": 85, "model": "auth.permission", "fields": {"codename": "add_cartitem", "name": "Can add Cart item", "content_type": 29}}, {"pk": 86, "model": "auth.permission", "fields": {"codename": "change_cartitem", "name": "Can change Cart item", "content_type": 29}}, {"pk": 87, "model": "auth.permission", "fields": {"codename": "delete_cartitem", "name": "Can delete Cart item", "content_type": 29}}, {"pk": 103, "model": "auth.permission", "fields": {"codename": "add_extraorderitempricefield", "name": "Can add Extra order item price field", "content_type": 35}}, {"pk": 104, "model": "auth.permission", "fields": {"codename": "change_extraorderitempricefield", "name": "Can change Extra order item price field", "content_type": 35}}, {"pk": 105, "model": "auth.permission", "fields": {"codename": "delete_extraorderitempricefield", "name": "Can delete Extra order item price field", "content_type": 35}}, {"pk": 100, "model": "auth.permission", "fields": {"codename": "add_extraorderpricefield", "name": "Can add Extra order price field", "content_type": 34}}, {"pk": 101, "model": "auth.permission", "fields": {"codename": "change_extraorderpricefield", "name": "Can change Extra order price field", "content_type": 34}}, {"pk": 102, "model": "auth.permission", "fields": {"codename": "delete_extraorderpricefield", "name": "Can delete Extra order price field", "content_type": 34}}, {"pk": 91, "model": "auth.permission", "fields": {"codename": "add_order", "name": "Can add Order", "content_type": 31}}, {"pk": 92, "model": "auth.permission", "fields": {"codename": "change_order", "name": "Can change Order", "content_type": 31}}, {"pk": 93, "model": "auth.permission", "fields": {"codename": "delete_order", "name": "Can delete Order", "content_type": 31}}, {"pk": 97, "model": "auth.permission", "fields": {"codename": "add_orderextrainfo", "name": "Can add Order extra info", "content_type": 33}}, {"pk": 98, "model": "auth.permission", "fields": {"codename": "change_orderextrainfo", "name": "Can change Order extra info", "content_type": 33}}, {"pk": 99, "model": "auth.permission", "fields": {"codename": "delete_orderextrainfo", "name": "Can delete Order extra info", "content_type": 33}}, {"pk": 94, "model": "auth.permission", "fields": {"codename": "add_orderitem", "name": "Can add Order item", "content_type": 32}}, {"pk": 95, "model": "auth.permission", "fields": {"codename": "change_orderitem", "name": "Can change Order item", "content_type": 32}}, {"pk": 96, "model": "auth.permission", "fields": {"codename": "delete_orderitem", "name": "Can delete Order item", "content_type": 32}}, {"pk": 106, "model": "auth.permission", "fields": {"codename": "add_orderpayment", "name": "Can add Order payment", "content_type": 36}}, {"pk": 107, "model": "auth.permission", "fields": {"codename": "change_orderpayment", "name": "Can change Order payment", "content_type": 36}}, {"pk": 108, "model": "auth.permission", "fields": {"codename": "delete_orderpayment", "name": "Can delete Order payment", "content_type": 36}}, {"pk": 88, "model": "auth.permission", "fields": {"codename": "add_product", "name": "Can add Product", "content_type": 30}}, {"pk": 89, "model": "auth.permission", "fields": {"codename": "change_product", "name": "Can change Product", "content_type": 30}}, {"pk": 90, "model": "auth.permission", "fields": {"codename": "delete_product", "name": "Can delete Product", "content_type": 30}}, {"pk": 121, "model": "auth.permission", "fields": {"codename": "add_cartitemoption", "name": "Can add cart item option", "content_type": 41}}, {"pk": 122, "model": "auth.permission", "fields": {"codename": "change_cartitemoption", "name": "Can change cart item option", "content_type": 41}}, {"pk": 123, "model": "auth.permission", "fields": {"codename": "delete_cartitemoption", "name": "Can delete cart item option", "content_type": 41}}, {"pk": 112, "model": "auth.permission", "fields": {"codename": "add_cartitemtextoption", "name": "Can add cart item text option", "content_type": 38}}, {"pk": 113, "model": "auth.permission", "fields": {"codename": "change_cartitemtextoption", "name": "Can change cart item text option", "content_type": 38}}, {"pk": 114, "model": "auth.permission", "fields": {"codename": "delete_cartitemtextoption", "name": "Can delete cart item text option", "content_type": 38}}, {"pk": 118, "model": "auth.permission", "fields": {"codename": "add_option", "name": "Can add option", "content_type": 40}}, {"pk": 119, "model": "auth.permission", "fields": {"codename": "change_option", "name": "Can change option", "content_type": 40}}, {"pk": 120, "model": "auth.permission", "fields": {"codename": "delete_option", "name": "Can delete option", "content_type": 40}}, {"pk": 115, "model": "auth.permission", "fields": {"codename": "add_optiongroup", "name": "Can add option group", "content_type": 39}}, {"pk": 116, "model": "auth.permission", "fields": {"codename": "change_optiongroup", "name": "Can change option group", "content_type": 39}}, {"pk": 117, "model": "auth.permission", "fields": {"codename": "delete_optiongroup", "name": "Can delete option group", "content_type": 39}}, {"pk": 109, "model": "auth.permission", "fields": {"codename": "add_textoption", "name": "Can add text option", "content_type": 37}}, {"pk": 110, "model": "auth.permission", "fields": {"codename": "change_textoption", "name": "Can change text option", "content_type": 37}}, {"pk": 111, "model": "auth.permission", "fields": {"codename": "delete_textoption", "name": "Can delete text option", "content_type": 37}}, {"pk": 19, "model": "auth.permission", "fields": {"codename": "add_site", "name": "Can add site", "content_type": 7}}, {"pk": 20, "model": "auth.permission", "fields": {"codename": "change_site", "name": "Can change site", "content_type": 7}}, {"pk": 21, "model": "auth.permission", "fields": {"codename": "delete_site", "name": "Can delete site", "content_type": 7}}, {"pk": 34, "model": "auth.permission", "fields": {"codename": "add_tree", "name": "Can add Site Tree", "content_type": 12}}, {"pk": 35, "model": "auth.permission", "fields": {"codename": "change_tree", "name": "Can change Site Tree", "content_type": 12}}, {"pk": 36, "model": "auth.permission", "fields": {"codename": "delete_tree", "name": "Can delete Site Tree", "content_type": 12}}, {"pk": 37, "model": "auth.permission", "fields": {"codename": "add_treeitem", "name": "Can add Site Tree Item", "content_type": 13}}, {"pk": 38, "model": "auth.permission", "fields": {"codename": "change_treeitem", "name": "Can change Site Tree Item", "content_type": 13}}, {"pk": 39, "model": "auth.permission", "fields": {"codename": "delete_treeitem", "name": "Can delete Site Tree Item", "content_type": 13}}, {"pk": 31, "model": "auth.permission", "fields": {"codename": "add_migrationhistory", "name": "Can add migration history", "content_type": 11}}, {"pk": 32, "model": "auth.permission", "fields": {"codename": "change_migrationhistory", "name": "Can change migration history", "content_type": 11}}, {"pk": 33, "model": "auth.permission", "fields": {"codename": "delete_migrationhistory", "name": "Can delete migration history", "content_type": 11}}, {"pk": 28, "model": "auth.permission", "fields": {"codename": "add_kvstore", "name": "Can add kv store", "content_type": 10}}, {"pk": 29, "model": "auth.permission", "fields": {"codename": "change_kvstore", "name": "Can change kv store", "content_type": 10}}, {"pk": 30, "model": "auth.permission", "fields": {"codename": "delete_kvstore", "name": "Can delete kv store", "content_type": 10}}, {"pk": 1, "model": "auth.group", "fields": {"name": "Moderators", "permissions": [67, 68, 69, 25, 26, 27, 58, 59, 60, 61, 62, 63, 46, 47, 48, 49, 50, 51, 52, 53, 54, 55, 56, 57, 43, 44, 45, 40, 41, 42, 103, 104, 105, 100, 101, 102, 91, 92, 93, 97, 98, 99, 94, 95, 96, 106, 107, 108, 88, 89, 90, 34, 35, 36, 37, 38, 39]}}, {"pk": 1, "model": "auth.user", "fields": {"username": "clincher", "first_name": "", "last_name": "", "is_active": true, "is_superuser": true, "is_staff": true, "last_login": "2011-09-08 23:46:48", "groups": [], "user_permissions": [], "password": "sha1$f5cd6$f3caee76c7304b2b49f74bdab9d73fadc9f138c3", "email": "va.bolshakov@gmail.com", "date_joined": "2011-09-08 18:46:02"}}, {"pk": 2, "model": "auth.user", "fields": {"username": "moderator", "first_name": "", "last_name": "", "is_active": true, "is_superuser": false, "is_staff": true, "last_login": "2011-09-08 18:48:46", "groups": [1], "user_permissions": [], "password": "sha1$a3ac1$f0744051d815dd267124b158308a6179fd6dcee5", "email": "", "date_joined": "2011-09-08 18:48:20"}}, {"pk": 1, "model": "sitetree.treeitem", "fields": {"parent": null, "access_restricted": false, "access_permissions": [], "description": "", "insitetree": true, "hint": "", "url": "/", "inbreadcrumbs": true, "title": "\u0413\u043b\u0430\u0432\u043d\u0430\u044f", "tree": 1, "access_perm_type": 1, "alias": null, "sort_order": 1, "inmenu": true, "access_loggedin": false, "hidden": false, "urlaspattern": false}}, {"pk": 2, "model": "sitetree.treeitem", "fields": {"parent": null, "access_restricted": false, "access_permissions": [], "description": "", "insitetree": true, "hint": "", "url": "/kat.html", "inbreadcrumbs": true, "title": "\u042d\u043b\u0435\u043a\u0442\u0440\u043e\u043d\u043d\u044b\u0435 \u0441\u0438\u0433\u0430\u0440\u0435\u0442\u044b", "tree": 1, "access_perm_type": 1, "alias": null, "sort_order": 2, "inmenu": true, "access_loggedin": false, "hidden": false, "urlaspattern": false}}, {"pk": 3, "model": "sitetree.treeitem", "fields": {"parent": null, "access_restricted": false, "access_permissions": [], "description": "", "insitetree": true, "hint": "", "url": "/delivery/", "inbreadcrumbs": true, "title": "\u0414\u043e\u0441\u0442\u0430\u0432\u043a\u0430", "tree": 1, "access_perm_type": 1, "alias": null, "sort_order": 3, "inmenu": true, "access_loggedin": false, "hidden": false, "urlaspattern": false}}, {"pk": 4, "model": "sitetree.treeitem", "fields": {"parent": null, "access_restricted": false, "access_permissions": [], "description": "", "insitetree": true, "hint": "", "url": "/about/", "inbreadcrumbs": true, "title": "\u041e \u043a\u043e\u043c\u043f\u0430\u043d\u0438\u0438", "tree": 1, "access_perm_type": 1, "alias": null, "sort_order": 4, "inmenu": true, "access_loggedin": false, "hidden": false, "urlaspattern": false}}, {"pk": 5, "model": "sitetree.treeitem", "fields": {"parent": null, "access_restricted": false, "access_permissions": [], "description": "", "insitetree": true, "hint": "", "url": "/contacts/", "inbreadcrumbs": true, "title": "\u041a\u043e\u043d\u0442\u0430\u043a\u0442\u044b", "tree": 1, "access_perm_type": 1, "alias": null, "sort_order": 5, "inmenu": true, "access_loggedin": false, "hidden": false, "urlaspattern": false}}, {"pk": 6, "model": "sitetree.treeitem", "fields": {"parent": null, "access_restricted": false, "access_permissions": [], "description": "", "insitetree": true, "hint": "", "url": "/stat.html", "inbreadcrumbs": true, "title": "\u0421\u0442\u0430\u0442\u044c\u0438", "tree": 1, "access_perm_type": 1, "alias": null, "sort_order": 6, "inmenu": true, "access_loggedin": false, "hidden": false, "urlaspattern": false}}, {"pk": 7, "model": "sitetree.treeitem", "fields": {"parent": null, "access_restricted": false, "access_permissions": [], "description": "", "insitetree": true, "hint": "", "url": "/for-partners/", "inbreadcrumbs": true, "title": "\u041e\u043f\u0442\u043e\u0432\u0438\u043a\u0430\u043c", "tree": 1, "access_perm_type": 1, "alias": null, "sort_order": 7, "inmenu": true, "access_loggedin": false, "hidden": false, "urlaspattern": false}}]